title,text,link,image,pubdate
கஷ்டப்பட்டு பயிரிட்ட தக்காளியை ஏரியில் கொட்டிய விவசாயிகள்!,"<img src=""https://tamil.samayam.com/photo/82055253/photo-82055253.jpg"" /><div class=""section1""><div class=""Normal"">கிருஷ்ணகிரி மாவட்டத்தில் கிருஷ்ணகிரி சூளகிரி, ஒசூர், ராயக்கோட்டை உள்ளிட்ட பகுதிகளில் ஏராளமான விவசாயிகள் தக்காளி சாகுபடி செய்துள்ளனர்.

 கடந்த மாதங்களுக்கு முன்பு வரை தக்காளிக்கு நல்ல விலை கிடைத்ததால், விவசாயிகள் அதிகளவில் தக்காளி சாகுபடி செய்தனர்.

இதனால் தற்போது தக்காளி வரத்து அதிகரித்தது. வரத்து அதிகரிப்பால் தக்காளியின் விலை படிப்படியாக குறைந்து ஒரு கிலோ தக்காளி 3 ரூபாயிலிருந்து 5 ரூபாய் வரை விற்பனை செய்யப்பட்டது.




இதனால் விவசாயிகளுக்கு அறுவடை கூலி, போக்குவரத்து செலவுக்குகூட கிடைக்காததால் உரிய விலை கிடைக்கவில்லை என அறுவடை செய்யப்பட்ட தக்காளி பழங்களை டன் கணக்கில் கிருஷ்ணகிரி அவதானப்பட்டி ஏரியில் விவசாயிகள் கொட்டி சென்றுள்ளனர்.

</div></div>",https://tamil.samayam.com/latest-news/krishnagiri/farmers-throwing-tomatoes-in-lake-shocking-incident-in-krishnagiri/articleshow/82055253.cms,['https://tamil.samayam.com/photo/82055253/photo-82055253.jpg'],"Wed 14 Apr 2021, 00:17:01"
மங்களகரமான நாட்களில் கூடுதல் பதிவுக்கட்டணம் : பதிவுத்துறைக்கு முதன்மை செயலாளர் கடிதம்,"<p>மங்களகரமான நாட்களில் கூடுதலாக பதிவுக்கட்டணம் வசூலிக்கலாம் என்று பதிவுத்துறை தலைவருக்கு முதன்மை செயலாளர் பீலா ராஜேஷ் கடிதம் எழுதியுள்ளார்.</p>



<p>தமிழகத்தில் மங்களகரமான நாட்களில் பொதுமக்கள் அதிகளவில் பத்திர பதிவு செய்து வருவதால், பத்திரப்பதிவு அலுவலகங்களில் மங்களகரான நாட்களில் பத்திரப்பதிவு செய்தால், அதற்கு கூடுதல் கட்டணம் வசூலிக்கலாம் என்று தமிழகத்தின் முதன்மை செயலாளர் பீலா ராஜேஷ், பதிவுத்துறை தலைவருக்கு கடிதம் எழுதியுள்ளார். இது தொடர்பாக அவர் வெளியிட்டுள்ள அறிக்கையில்,</p>



<p>பத்திரப்பதிவு துறையின் வருவாயை பெருக்கும் வகையில், சித்திரை முதல் நாளான (14.04.2021), ஆடிப்பெருக்கு நாளான (03.08.2021), மற்றும் தைப்பூசம் நாளான (18.01.2022) ஆகிய மங்களகரமான நாட்களில் பதிவு அலுவலங்களை செயல்பாட்டில் வைத்தால், பொதுமக்களால் சொத்து பரிமாற்றம் குறித்த ஆவணங்கள் பதிவுக்கு தாக்கல் செய்திட ஏதுவாக இருக்கும் என்றும், அத்தகைய நாட்களில் செயல்பாட்டில் வைத்திடவும், அத்தகைய விடுமுறை நாட்களில் மேற்கொள்ளப்படும் ஆவணப் பதிவுகளுக்கு கூடுதல் கட்டணம் வசூலிக்க அனுமதிக்குமாறு பத்திரப்பதிவு துறை தலைவர் கோரிக்கை விடுத்திருந்தார்.</p>



<p>இந்த கோரிக்கையை கவனமுடன் பரிசீலனை செய்த அரசு, சித்திரை முதல் நாளான (14.04.2021), ஆடிப்பெருக்கு நாளான (03.08.2021), மற்றும் தைப்பூசம் நாளான (18.01.2022) ஆகிய மங்களகரமான நாட்களில் பதிவு அலுவலங்களை செயல்பாட்டில் வைத்து பத்திர பதிவினை மேற்கொள்ளவும், அத்தகைய நாட்களில் மேற்கொள்ளப்படும் ஆவணப்பதிவுகளுக்கு கூடுதல் கட்டணம் வசூலிக்கவும் அனுமதி அளிக்கப்படுகிறது என்று குறிப்பிட்டுள்ளார்.</p>



<p>இதன் மூலம் தமிழகத்தில் குறிப்பிட்ட விடுமுறை நாட்களில் பத்திர பதிவு அலுவலகங்கள் திறந்திருக்கும் என்பது குறிப்பிடத்தக்கது.</p>



<p>&#8220;தமிழ் இந்தியன் எக்ஸ்பிரஸின் அனைத்து செய்திகளையும் உடனுக்குடன் டெலிகிராம் ஆப்பில் பெற <a href=""https://t.me/ietamil"" rel=""noreferrer noopener"" target=""_blank"">https://t.me/ietamil</a></p>",https://tamil.indianexpress.com/tamilnadu/tamilnadu-news-update-register-office-extra-fees-for-auspicious-day-291626/,https://tamil.indianexpress.com/wp-content/uploads/2021/04/beela-rajesh.jpg,"Tue, 13 Apr 2021 22:34:33 +0530"
சோகனூர் இரட்டைக் கொலையில் பாமகவுக்கு தொடர்பு இல்லை: சிவகாமி குழு விசாரணை அறிக்கை,"<p>அரக்கோணம் அருகே நடந்த இரட்டை கொலை சம்பவத்தில் பாமகவிற்கு தொடர்பு இல்லை என்று ஓய்வு பெற்ற ஐஏஎஸ் அதிகாரி சிவகாமி தலைமையிலான விசாரணை குழு தகவல் தெரிவித்துள்ளது.</p>



<p>தமிழகத்தில் கடந்த ஏப்ரல் 6-ந் தேதி சட்டசபை தேர்தலுக்கான வாக்குப்பதிவு நடைபெற்றது. தமிழகம் முழுவதும் வாக்குப்பதிவு அமைதியாக நடைபெற்ற நிலையில், அடுத்த நாள் (ஏப்ரல் 7) ராணிப்பேட்டை மாவட்டம் அரக்கோணம் அருகே தலித் இளைஞர்கள் கொடூரமாக தாக்கி கொலை செய்யப்பட்ட சம்பவம் அப்பகுதி மட்டுமல்லாது தமிழகம் முழுவதும் பெரும் பரபரப்பை ஏற்படுத்தியது.</p>



<p>ராணிப்பேட்டை மாவட்டம் அரக்கோணம் அருகே சோமனூர் கிராமத்தின் காலனி பகுதியை சேர்ந்தவர்கள் அர்ஜுனன், சூர்யா. இவர்கள் இருவரும் தேர்தலுக்கு அடுத்த நாள் நண்பர்கள் சிலருடன், குருவராஜப்பேட்டையிலுள்ள கடையில் அமர்ந்து பேசிக்கொண்டிருந்தனர். அப்போது அங்குவந்த மாற்று சமூகத்தை சேர்ந்த சிலர் அவர்களுடன் வாக்குவாத்தில் ஈடுபட்டுள்ளனர். சிறிது நேரத்தில் இந்த வாக்குவாதம் அடங்கிப்போதை தொடர்ந்து இரு கும்பலும் அங்கிருந்து கலைந்து சென்றுள்ளனர். தொடர்ந்து அர்ஜுனன், சூர்யா இருவரும் தங்களது நண்பர்களுடன் அப்பகுதியில் மது அருந்துவதற்காக சென்றுள்ளனர்.</p>



<p>அப்போது மீண்டும் அங்கு வந்த மாற்று சமூகத்தை சேர்ந்த&nbsp; சிலர் உருட்டுக்கட்டை, பாட்டில்கள் மற்றும் ஆயுதங்களால் கடுமையான தாக்குதல் நடத்தியுள்ளனர். இந்த தாக்குதலில் பலத்த காயமடைந்த அர்ஜுனன், சூர்யா ஆகிய இருவரும் சம்பவ இடத்திலேயே உயிரிழந்த நிலையில், மேலும் 2 பேர் படுகாயத்துடன் மருத்துவமனையில் அனுமதிக்கப்பட்டு சிகிச்சை பெற்று வருகின்றனர். இந்த சம்பவம் அப்பகுதியில் பெரும் பரபரப்பை ஏற்படுத்திய நிலையில், தேர்தல் முன்விரோதம் காரணமாகவே இந்த கொலை சம்பவம் அரங்கேறியதாகவும், கொலை செய்தவர்கள் பாமகவை சேர்ந்தவர்கள் என்றும் கூறப்பட்டது.</p>



<p>ஆனால் இந்த குற்றச்சாட்டை முற்றிலும் மறுத்த பாமக நிறுவனர் ராமதாஸ், இந்தக் கொலைகளுக்கான காரணம் சாதியோ, தேர்தலோ, அரசியலோ இல்லை. தேவையில்லாமல் பாமக மீது அவதூறு பரப்பி வருவதாக கூறினார். மேலும் புதிய பாரதம் கட்சி தலைவர் பூவை ஜெகன்மூர்த்தியும், இந்த கொலைக்கான காரணம் ஜாதிய மோதல் இல்லை இரு கும்பலின் குடி வெறிதான் இந்த தாக்குதலுக்கு முழு காரணம் என்றும் கூறியிருந்தார். ஆனாலும் கம்யூசிஸ்ட் கட்சி தலைவர்கள், மற்றும் விசிக தலைவர் திருமாவளவன் ஆகியோர் இந்த கொலை முன்விரோதம் காரணமாக நடத்தப்பட்டதாகவும், அரசியல் மோதல்தான் இதற்கு காரணம் என்று கூறியுள்ளனர்.</p>



<p>இந்நிலையில், இந்த இரட்டை கொலை தொடர்பாக விசாரனை நடத்த ஓய்வு பெற்ற ஐஏஎஸ் அதிகாரி சிவகாமி தலைமையில் விசாரணைக்குழு அமைக்கப்பட்டது. தற்போது இந்த குழு விசாரணை நடத்தியதில், இந்த இரட்டை கொலை சம்பவத்திற்கும் பாமகவிற்கு எவ்வித தொடர்பும் இல்லை என்று &nbsp;தகவல் தெரிவித்துள்ளது.</p>



<p>&#8220;தமிழ் இந்தியன் எக்ஸ்பிரஸின் அனைத்து செய்திகளையும் உடனுக்குடன் டெலிகிராம் ஆப்பில் பெற&nbsp;<a href=""https://t.me/ietamil"" rel=""noreferrer noopener"" target=""_blank"">https://t.me/ietamil</a></p>",https://tamil.indianexpress.com/tamilnadu/tamil-news-update-arakkonam-double-murder-case-retired-ias-officer-team-report-291616/,https://tamil.indianexpress.com/wp-content/uploads/2021/04/Arokkam.jpg,"Tue, 13 Apr 2021 21:53:17 +0530"
"இதற்கு முன் இல்லாத, அதிகபட்ச அளவிற்கு யுரேனியத்தை செறிவூட்ட ஈரான் முடிவு","இதற்கு முன் இல்லாத, அதிகபட்ச அளவிற்கு யுரேனியத்தை செறிவூட்ட ஈரான் முடிவு செய்துள்ளது. ஈரானில் திங்களன்று பூமிக்கு அடியில் உள்ள நடன்ஸ் அணுசக்தி ஆய்வகத்தில் தாக்குதல் நடத்தப்பட்டதற்கு, இஸ்ரேல் தான் காரணம் என்று ஈரான் குற்றம்சாட்டி இருந்தது.
இதனால் அமெரிக்கா உள்ளிட்ட நாடுகள் உடனான அணுசக்தி ஒப்பந்தப் பேச்சுவார்த்தை பாதிக்கப்படும் என்று ஈரான் வெளியுறவு அமைச்சர் தெரிவித்திருந்தார். தேவைப்பட்டால் 60 சதவீத அளவிற்கு யூரேனியம் செறிவூட்டப்படும் என்று ஈரான் தலைவர் அயத்துல்லா அலி காமேனி எச்சரித்திருந்தார். அதனை உறுதிப்படுத்தும் விதமாக ஈரான் அதிகாரியான அப்பாஸ் அரக்சி, தற்போது அதிகபட்ச அளவிற்கு யூரேனியம் செறிவூட்டப்பட இருப்பதாக கூறியுள்ளார்.","https://www.polimernews.com/view/143865-இதற்கு-முன்-இல்லாத,-அதிகபட்ச-அளவிற்கு-யுரேனியத்தை-செறிவூட்ட-ஈரான்-முடிவு",['http://img.polimernews.com/uploads/web/images/original/1618330707143865.jpg'],"Tue, 13 Apr 2021 21:45:38 +0530"
14 வயது சிறுமியிடம்  22 முதல் 52 வரை அத்துமீறிய அந்த 12... பி.எஸ்.என்.எல் அதிகாரி சிக்கினார்.!,"நாமக்கல் மாவட்டம் குமாரப்பாளையம் அருகே 6 ஆம் வகுப்பு மாணவியிடம் பாலியல் அத்துமீறலில் ஈடுபட்டதாக அக்காள் கணவர் தொடங்கி பி.எஸ்.என்.எல் அதிகாரி உள்ளிட்ட 11 பேர் போலீஸ் பிடியில் சிக்கி உள்ளனர். பாலியல் சம்பவத்தை மறைக்க உறவினர்கள் நடத்திய கட்டபஞ்சாயத்து விபரீதம் குறித்து விவரிக்கின்றது இந்த செய்தி தொகுப்பு
நாமக்கல் மாவட்டம் குமாரபாளையம் பகுதியை சேர்ந்த கூலி வேலை செய்து வரும் தம்பதியினரின் 14 வயது சிறுமி தனது மூத்த சகோதரி வீட்டில் தங்கி 6 ஆம் வகுப்பு படித்து வந்துள்ளார்.
அங்கு ஏற்பட்ட பிரச்சனை காரணமாக படிப்பை பாதியில் நிறுத்தி வீட்டிற்கு திரும்பிய அந்த சிறுமியை 3 மாதங்களுக்கு முன்பு பி.எஸ்.என்.எல் அதிகாரி கண்ணன் என்பவரது வீட்டில் வேலைக்கு சேர்த்து விட்டுள்ளனர். இந்த நிலையில் கடந்த பிரவரி மாதம் 19 ந்தேதி சிறுமி உடல் ரீதியாக பாதிக்கப்பட்ட தகவல் அறிந்து அவரது பெற்றோருக்கு தகவல் தெரிவிக்கப்பட்டது.
தங்கள் மகளிடம் விசாரித்த போது அக்காள் கணவர் தன்னிடம் அத்துமீறியதை போலவே பி.எஸ்.என்.எல் அதிகாரியும் அவரது வீட்டில் இருந்த வேலையாட்களும் தன்னை சீரழித்ததாக கூறி அதிரவைத்துள்ளார்.
இது குறித்து அந்த சிறுமியின் பெற்றோர் குழந்தைகள் நல அலுவலரிடம் புகார் அளித்துள்ளனர். அதிகாரிகள், அந்த சிறுமியிடம் நடத்திய விசாரணையில் கடந்த 4 மாதங்களில் நடந்த பாலியல் கொடுமை வெளிச்சத்திற்கு வந்துள்ளது.
முதலில் சகோதரி கணவர் சின்ராஜ் என்பவர் சிறுமியிடம் பாலியல் வல்லுறவு செய்ததோடு, அவரது நண்பர்களான எம்ஜிஆர் நகரை சேர்ந்த குமார், வடிவேல், சுந்தரம் உள்ளிட்டோரையும் பாலியல் அத்துமீறலில் ஈடுபட அனுமதித்துள்ளார். இந்த விவகாரம் வெளியே தெரியவந்ததும், குமார் ஜெயிலுக்கு சென்றால் மூத்த மகள் வாழ்க்கை பாதிக்கப்படும் என்று கூறி 10 ஆயிரம் ரூபாய் கொடுத்து பஞ்சாயத்து பேசி முடித்து உள்ளனர்.
இதனைத் தொடர்ந்து படிப்பை கைவிட்ட சிறுமியை வீட்டு வேலைக்காக பி.எஸ்.என்.எல் அதிகாரி கண்ணன் என்பவர் வீட்டில் சேர்த்து விட்டுள்ளனர். இதனை தனக்கு சாதகமாக்கிக் கொண்ட கண்ணன், அந்த சிறுமியிடம் பலமுறை பாலியல் அத்துமீறலில் ஈடுபட்டுள்ளார். இந்த தகவலை அறிந்த அவரது வீட்டிற்கு வந்து செல்லும் பணியாளர்களான பன்னீர், மூர்த்தி, அபி, கோபி, நாய் சேகர், சங்கர், சரவணன் ஆகியோரும் தொடர்ந்து மிரட்டி பாலியல் அத்துமீறலில் ஈடுபட்டுள்ளது விசாரணையில் தெரியவந்தது.
சுமார் 50 நாட்களுக்கும் மேலாக தீவிர விசாரனை நடத்திய குழந்தைகள் நல அலுவலர் ரஞ்சிதப்பிரியா திருச்செங்கோடு அனைத்து மகளிர் காவல் நிலையத்திற்கு தகவல் கொடுத்தார். புகாரின் பேரில் மகளிர் காவல் நிலைய ஆய்வாளர் ஹேமாவதி சம்பவத்தில் தொடர்புடைய பி.எஸ்.என்.எல் அதிகாரி கண்ணன் உள்ளிட்ட 12 பாலியல் அரக்கர்களில் 11 பேரை இரவோடு இரவாக அதிரடியாக கைது செய்தனர். தலைமறைவான ஒருவரை போலீசார் தீவிரமாக தேடி. வருகின்றனர்.
பாலியல் விவகாரத்தில் பஞ்சாயத்து பேசினால் இறுதியில் என்ன மாதிரியான விபரீத சம்பவம் நிகழும் என்பதற்கு இந்த கொடுமையான சம்பவமே சாட்சி.",https://www.polimernews.com/view/143864-14-வயது-சிறுமியிடம்--22-முதல்-52-வரை-அத்துமீறிய-அந்த-12...-பி.எஸ்.என்.எல்-அதிகாரி-சிக்கினார்.!,['http://img.polimernews.com/uploads/web/images/original/1618329281143864.jpg'],"Tue, 13 Apr 2021 21:18:42 +0530"
இவ்வளவு முதலீடு செய்தால் மாதம் ரூ9250 வருமானம்: LIC-யின் இந்த ஸ்கீம் செம சூப்பர்ல!,"<p>இந்திய ஆயுள் காப்பீட்டுக் கழகமான எல்.ஐ.சி மூத்த குடிமக்களுக்காக வழங்கி வந்த, ‘பிரதான் மந்திர வயா வந்தனா யோஜனா’ என்ற திட்டத்தில் மாறுதல்களை கொண்டு வந்துள்ளது. எல்.ஐ.சி.யின் இந்த மாற்றத்திற்கு பிறகு, முன்பை விட கூடுதலாக 7.4% எனும் வீதத்தில் உறுதியான வருமானத்தை திட்டத்தின் முதிர்வுக் காலம் வரை லாபம் ஈட்ட வழிவகை செய்கிறது. இந்த திட்டமானது, கடந்த வருடம் ஜூலை மாதத்தில் தொடங்கப்பட்டது. மேலும், வருகின்ற 2023-ம் ஆண்டு மார்ச் 31-ம் தேதி வரை, அதாவது, மூன்று நிதியாண்டுகளுக்குள் மூத்த குடிமக்கள் முதலீடு செய்ய காலம் வழங்கப்பட்டுள்ளது.</p>



<p>இந்த திட்டம் குறித்து அறிந்து கொள்ளவும், பயன்பெறவும் முக்கியமான தகவல்களை உங்களுக்காக தொகுத்து வழங்கி உள்ளோம்.</p>



<figure class=""wp-block-image size-large""><img alt="""" class=""wp-image-183265"" height=""500"" src=""https://tamil.indianexpress.com/wp-content/uploads/2020/04/B373.jpg?w=750"" width=""750"" /></figure>



<p><strong>இந்த திட்டத்தில் முதலீடு செய்வது எப்படி?</strong></p>



<p>எல்.ஐ.சி.யால் வழங்கப்படும் இந்த திட்டமானது, 60 வயதுக்கு மேற்பட்ட மூத்த குடிமக்களுக்கு மட்டுமே பொருந்தும். இந்த திட்டத்தில் முதலீடு செய்ய விரும்புவோர் எல்.ஐ.சி-யின் அதிகாரப்பூர்வ வலைத்தளமான Licindia.in வழியாக ஆன்லைனில் பதிவு செய்யலாம். மேலும், அருகிலுள்ள எல்.ஐ.சி அலுவலகத்திற்கு சென்றும் பதிவு செய்துக் கொள்ளலாம்.</p>



<p><strong>ஓய்வூதியம் எவ்வாறு வழங்கப்படுகிறது?</strong></p>



<p>எல்.ஐ.சி.யின், பிரதான் மந்திர வயா வந்தனா யோஜனா திட்டமானது, முதலீடு செய்யும் மூத்த குடிமக்களிடம் 10 ஆண்டுகளில் குறிப்பிட்ட விகிதத்தில் சீரான ஓய்வூதியத்தை வழங்கி வருகிறது. மேலும், இத்திட்டத்தில் இணைந்து, ஓரிரு ஆண்டுகளில் ஓய்வூதியதாரர்<br />உயிரிழக்கும் வேளையிலும், திட்டத்திற்கான நன்மைகளையும் சேர்த்து வழங்குகிறது.</p>



<p>ஓய்வூதியதாரர் பாலிசியின் முழுமையான காலமான 10 ஆண்டுகள் வரை வாழ்ந்தால், அவரின் முதலீட்டு தொகை மற்றும் இறுதி ஓய்வூதிய தவணை ஆகிய இரண்டையும் சேர்த்து பெறுவார். இருப்பினும், பாலிசி முழுமைப் பெறாத காலத்தில் ஓய்வூதியதாரர் உயிரிழக்க நேரிட்டால், அவரின் சட்டப்பூர்வ வாரிசுகளுக்கு முதலீட்டுத் தொகை திருப்பி செலுத்தப்படும்.</p>



<p><strong>ஓய்வூதியம் அளிக்கப்படும் முறை :</strong></p>



<p>பாலிசிதாரர்களுக்கு ஓய்வூதியமானது, மாதாந்திர, காலாண்டு, அரையாண்டு, முழு ஆண்டு என பல்வேறு காலங்களில் வழங்கப்படுகிறது. ஓய்வூதிய கட்டணம் NEFT அல்லது ஆதார் எண் மூலம் இயக்கப்பட்ட கட்டண முறை ஆகியவற்றின் மூலம் வழங்கப்படுகிறது. எனவே, ஓய்வூதியம் செலுத்தும் முறையைப் பொறுத்து, அதாவது, மாதாந்திர, காலாண்டு, அரை ஆண்டு அல்லது ஆண்டு, ஓய்வூதியத்தின் முதல் தவணை ஒரு மாதம், மூன்று மாதங்கள், ஆறு மாதங்கள் அல்லது வாங்கிய நாளிலிருந்து ஒரு வருடம் கழித்து வழங்கப்படும்.</p>



<p><strong>திட்டத்தின் பிற அம்சங்கள் :</strong></p>



<p>இத்திட்டத்தில் பயனடைய மருத்துவப் பரிசோதனைகள் தேவையில்லை. பாலிசிதாரர் அல்லது அவரது துணையின் மோசமான நோய் போன்ற விதிவிலக்கான சூழ்நிலைகளில் பாலிசி காலத்திற்க்கு முன்கூட்டியே வெளியேற அனுமதி வழங்கப்படுகிறது. மேலும், பாலிசி ஆண்டுகளான மூன்றாண்டுகள் முடிந்த பின், பாலிசி மீதான கடன் தொகை வழங்கப்படுகிறது.</p>



<p>உதாரணமாக இந்த பாலிசி திட்டத்தில் மாதாந்திர முதலீட்டுத் தொகையாக நீங்கள் மாதம் ஒன்றரை லட்சம் செலுத்துகிறீர்கள் எனில், ஓய்வூதியத் தொகையாக பாலிசி காலமான 10 ஆண்டுகளுக்கு மாதந்திர ஓய்வூதியத் தொகையாக 9,250 ரூபாயை நீங்கள் பெறுவீர்கள்.</p>



<p><strong>“தமிழ் இந்தியன் எக்ஸ்பிரஸின் அனைத்து செய்திகளையும் உடனுக்குடன் டெலிகிராம் ஆப்பில் பெற <a href=""https://t.me/ietamil“"" rel=""nofollow"">https://t.me/ietamil“</a></strong></p>",https://tamil.indianexpress.com/business/lic-policy-senior-citizen-special-scheme-ten-years-investment-291577/,https://tamil.indianexpress.com/wp-content/uploads/2021/04/rs-lic-logo-.jpg,"Tue, 13 Apr 2021 21:16:12 +0530"
"ஈரோடு : மனைவிக்கும் தோழிக்கும் கடவுள் வேடம் போட்டு கல்யாணம் செய்து, பெற்ற பிள்ளைகளையும் கொடுமைப்படுத்திய விவகாரத்தில்  4 பேர் மீது 3 பிரிவுகளில் வழக்குப்பதிவு","ஈரோட்டில் மனைவியையும் அவரது தோழியையும் சிவன் - பார்வதி என சித்தரித்து, பெற்ற குழந்தைகளை கொடுமைப்படுத்திய விவகாரத்தில், சம்மந்தப்பட்ட நபர் உட்பட 4 பேர் மீது 3 பிரிவுகளில் வழக்குப்பதிவு செய்யப்பட்டுள்ளது.
ரங்கம்பாளையத்தைச் சேர்ந்த ராமலிங்கம் என்ற நபர், தனது முதல் மனைவி ரஞ்சிதாவையும் இரண்டாவது மனைவியின் தோழி சசி என்பவரையும் சிவன் - பார்வதியாக சித்தரித்து, அவர்களுக்குத் திருமணம் செய்து வைத்ததோடு, தனது 2 மகன்களை கொடூரமாக கொடுமைப்படுத்தி வந்த சம்பவம் அதிர்ச்சியை ஏற்படுத்தியது.
உயிருக்குப் பயந்து தப்பிய சிறுவர்கள் கொடுத்த புகாரின் பேரில் விசாரணை மேற்கொண்ட போலீசார், ராமலிங்கம், அவனது முதல் மனைவி ரஞ்சிதா, இரண்டாவது மனைவி இந்துமதி, அவரது தோழி சசி ஆகியோர் மீது 3 பிரிவுகளில் வழக்குப்பதிவு செய்து தேடி வருகின்றனர்.","https://www.polimernews.com/view/143863-ஈரோடு-:-மனைவிக்கும்-தோழிக்கும்-கடவுள்-வேடம்-போட்டு-கல்யாணம்-செய்து,-பெற்ற-பிள்ளைகளையும்-கொடுமைப்படுத்திய-விவகாரத்தில்--4-பேர்-மீது-3-பிரிவுகளில்-வழக்குப்பதிவு",['http://img.polimernews.com/uploads/web/images/original/1618328405143863.jpg'],"Tue, 13 Apr 2021 21:03:20 +0530"
28 ஆண்டுகளாக இருட்டில் வாழும் பெண்! – அமெரிக்காவில் வினோதம்,"<p>அமெரிக்காவை சேர்ந்த 28 வயது பெண் ஒருவர் இருட்டிலேயே வாழும் சம்பவம் மக்கள் மத்தியில் அதிர்ச்சியை ஏற்படுத்தியுள்ளது.</p>



<p>அமெரிக்காவை சேர்ந்தவர் ஆண்ட்ரியா. அவர் அரிய வகை தோல் நோயால் பாதிக்கப்பட்டுள்ளார். இதனால் அவரால் எங்கும் வெளியே செல்ல முடியாது. அதாவது சூரிய வெளிச்சத்தால் அவருக்கு மிகவும் அலர்ஜி ஏற்படுவதால் பகல் வேலையில் அவர் வெளியே செல்லாமல் இருத்தல் உள்ளேயே முடங்கி இருக்கிறார்.</p>



<p>இரவு நேரங்களில் மட்டுமே வெளியே செல்லும் அவர், சூரிய ஒளியில் இருந்து தன்னைப் பாதுகாத்துக் கொள்வதற்காக பல்வேறு முயற்சிகளையும் எடுத்து வருகிறார்.</p>



<p>அவருக்கு பாதிக்கப்பட்டுள்ள அரிய வகை தோல் நோய் காரணமாக 28 முறை அவருக்கு ஸ்கின் கேன்சர் ஏற்பட்டுள்ளது. அதற்கான சிகிச்சையும் அவர் மேற்கொண்டு வருகிறார்.</p>



<p>இது குறித்து ஆண்ட்ரியா பேசியபோது, &#8221; நான் என்னுடைய வாழ்க்கைக்கு பழகி விட்டேன். மருத்துவரை சந்திக்க செல்ல வேண்டும் என்றால் மட்டுமே நான் பகலில் வெளியே செல்வேன். அதுவும் வெயில் என்னை தாக்காதவாறு நான் என்னை பாதுகாத்து கொள்வேன்.</p>



<p>அதற்கேற்றவாறு உடையும் முக கவசத்தையும் அணிந்து செல்வேன். சூரிய ஒளி என் மீது பட்டால் என் முகத்தில் கடுமையான சுருக்கங்களும் வலியும் ஏற்படும்&#8221; என்று தெரிவித்துள்ளார்.</p>



<p>இதுபோன்ற வித்தியாசமான நோயினால் பாதிக்கப்பட்டுள்ள அவருக்கு ஆயுட்காலம் மிகவும் குறைவு என மருத்துவர்கள் தெரிவித்துள்ளனர்.</p>
<p>The post <a href=""https://tamilmint.com/us-women-prone-to-sun-light-allergy-and-has-been-affected-cancer-for-28-times/"" rel=""nofollow"">28 ஆண்டுகளாக இருட்டில் வாழும் பெண்! &#8211; அமெரிக்காவில் வினோதம்</a> appeared first on <a href=""https://tamilmint.com"" rel=""nofollow"">TAMIL MINT</a>.</p>",https://tamilmint.com/us-women-prone-to-sun-light-allergy-and-has-been-affected-cancer-for-28-times/,['https://tamilmint.com/wp-content/uploads/2021/04/zsrgf.jpg'],"Tue, 13 Apr 2021 18:17:37 +0000"
இது என்ன புதுசா இருக்கு? – சுத்தியல் கத்தி போன்றவற்றை வைத்து முடி திருத்தம் செய்யும் நபர்!,"<p>சுத்தியல் கத்தி போன்றவற்றை கொண்டு முடி திருத்தம் செய்யும் நபரின் வீடியோ இணையத்தில் வைரலாகி வருகிறது.</p>



<p>தற்போதைய காலத்தில் அனைத்திலும் புதுமையை புகுத்த அனைவரும் விரும்புகின்றனர். மக்கள் எதை செய்தாலும் அதை சற்று வித்தியாசமாக செய்து அதனால் டிரெண்டிங் ஆக வேண்டும் என்று எதிர்பார்க்கின்றனர்.</p>



<p>அந்த வகையில் தற்போது முடித் திருத்தம் செய்பவர் ஒருவர் சுத்தியல் கத்தி போன்றவற்றைப் பயன்படுத்தும் வீடியோ இணையத்தில் வைரலாகி வருகிறது.</p>



<p>பாகிஸ்தானை சேர்ந்த சலூன் கடைக்காரர் ஒருவர் தனது வாடிக்கையாளர்களை கவர்வதற்காக கத்தி சுத்தியல் கண்ணாடி போன்றவற்றை பயன்படுத்தி முடி திருத்தம் செய்கிறார்.</p>



<figure class=""wp-block-embed is-type-video is-provider-youtube wp-block-embed-youtube wp-embed-aspect-16-9 wp-has-aspect-ratio""><div class=""wp-block-embed__wrapper"">

</div></figure>



<p>அதனால் பல பெண்கள் மற்றும் இளைஞர்கள் வந்து அவரிடம் முடிதிருத்தம் செய்து கொள்கின்றனர். அவரிடம் கேட்டபோது, கத்தியை வைத்துக்கொண்டு மட்டுமே என்னால் இவற்றை செய்துவிட முடியும். ஆனால் சற்று வித்தியாசமாக இருக்க வேண்டும் என்பதற்காகவே வித்தியாசமான பொருட்களை நான் பயன்படுத்தி வருகிறேன்.</p>



<p>தினமும் புதுமையைப் புகுத்துவது குறித்து தொடர்ந்து யோசித்து வருகிறேன். மக்கள் மத்தியில் இந்தவிதமான ஸ்டைலிற்கு வரவேற்பு உள்ளது&#8221; என்று மகிழ்ச்சியுடன் தெரிவித்துள்ளார்.</p>
<p>The post <a href=""https://tamilmint.com/lahore-barber-uses-hammer-knife-to-cut-hair/"" rel=""nofollow"">இது என்ன புதுசா இருக்கு? &#8211; சுத்தியல் கத்தி போன்றவற்றை வைத்து முடி திருத்தம் செய்யும் நபர்!</a> appeared first on <a href=""https://tamilmint.com"" rel=""nofollow"">TAMIL MINT</a>.</p>",https://tamilmint.com/lahore-barber-uses-hammer-knife-to-cut-hair/,['https://tamilmint.com/wp-content/uploads/2021/04/zSg.jpg'],"Tue, 13 Apr 2021 18:14:52 +0000"
தனது கடையை உடைத்து திருடிய நபருக்கு வேலை! – நிகழ்ச்சி சம்பவம்,"<p>அமெரிக்காவில் உணவகத்தை உடைத்து அதிலிருந்து திருடிய திருடனுக்கு வேலை வழங்கியுள்ளார் அந்த உணவக உரிமையாளர்.</p>



<p>அமெரிக்காவிலுள்ள உணவகத்தின் உரிமையாளர் ஒருவரின் பேஸ்புக் பதிவு இணையத்தில் பேசுபொருள் ஆகியுள்ளது.</p>



<p>அந்த பேஸ்புக் பதிவில் &#8221; என்னுடைய உணவகத்தில் காலை சுமார் நான்கு மணி அளவிற்கு திருடன் ஒருவன் உள்ளே புகுந்து திருடி அதுமட்டுமல்லாமல் உணவகத்தின் ஒரு கதவை உடைத்து விட்டு சென்றுள்ளார்.</p>



<p>ஒருவர் திருடுகிறார் என்றால் அதற்கு அவருடைய பணக்கஷ்டம் காரணமாக இருக்கும். அதனால் நான் அவருக்கு வேலை வழங்கலாம் என்று முடிவெடுத்துள்ளேன்.</p>



<p>உணவகத்தில் திருடப்பட்ட சம்பவம் குறித்து போலீசார் இடமோ அல்லது நீதிமன்றத்தில் எதுவும் கூற மாட்டேன். அவருக்கு வேலை கொடுத்து அவருடைய பொருளாதாரத்தை சரி செய்ய வேண்டும் என்பதே எனது முழுமையான நோக்கம்.&#8221; என்று குறிப்பிட்டுள்ளார்.</p>



<p>அவரது இந்த பதிவு காண்போரை ஆச்சரியம் அடைய செய்துள்ளது. திருடனுக்கு வேலை வழங்கும் அந்த பொண்ண பாக்க உரிமையாளரை பலரும் பாராட்டி வருகின்றனர்.</p>
<p>The post <a href=""https://tamilmint.com/man-offers-job-to-thief-who-broke-his-restaurant/"" rel=""nofollow"">தனது கடையை உடைத்து திருடிய நபருக்கு வேலை! &#8211; நிகழ்ச்சி சம்பவம்</a> appeared first on <a href=""https://tamilmint.com"" rel=""nofollow"">TAMIL MINT</a>.</p>",https://tamilmint.com/man-offers-job-to-thief-who-broke-his-restaurant/,['https://tamilmint.com/wp-content/uploads/2021/04/ZDV-1.jpg'],"Tue, 13 Apr 2021 18:10:01 +0000"
மேலும் 5 தடுப்பூசிகளுக்கு அனுமதி,"<p></p>



<p>புதுடெல்லி.ஏப்.13<br />ரஷ்யாவால் நேற்று உருவாக்கப்பட்ட ஸ்பூட்னிக் தடுப்பூசியை அவசரகால பயன்பாட்டிற்கு மத்திய அரசு ஒப்புதல் அளித்ததை அடுத்து, வெளிநாடுகளில் உருவாக்கப்பட்ட அனைத்து தடுப்பூசிகளையும் விரைவாக அனுமதிக்க மத்திய அரசு ஒப்புதல் அளித்துள்ளது. இதன்படி மேலும் 5 தடுப்பூசிகளுக்கு மத்திய அரசு அனுமதி வழங்கியுள்ளது<br />வெளிநாடுகளில் உருவாக்கப்பட்டுள்ள தடுப்பூசிகள் ஆண்டு இறுதிக்குள் கிடைக்க வாய்ப்புள்ளது.<br />ஜான்சன் அண்ட் ஜான்சன், ஜெய்டஸ் காடிலா, சீரம் நோவாவாக்ஸ் மற்றும் பாரத் பயோடெக்கின் நாசி தடுப்பூசி உள்ளிட்ட ஐந்து தடுப்பூசிகள் விரைவில் இந்தியாவில் கிடைக்கும்.<br />நாட்டில் கொரோனா வைரஸை அடுத்து, தகுதியுள்ள அனைவருக்கும் தடுப்பூசி போட மத்திய அரசு இதுபோன்ற முக்கியமான முடிவை எடுத்துள்ளது.<br />ஸ்பட்னிக் &#8211; வி தடுப்பூசி இந்த மாத இறுதிக்குள் நாட்டில் கிடைக்கும். ஐந்து மருந்து நிறுவனங்கள் ஆண்டுக்கு 850 மில்லியன் ஸ்னட்னிக் தடுப்பூசிகளை உருவாக்க அனுமதிக்கப்படுகின்றன. மகாராஷ்டிரா, பஞ்சாப், தெலுங்கானா மற்றும் ராஜஸ்தான் உள்ளிட்ட பல்வேறு மாநிலங்களில் தொற்றுநோய்கள் மிக வேகமாக அதிகரித்து வருகிறது. இந்த நிலையில் தடுப்பூசி அனைத்து மாநிலங்களுக்கும் கிடைக்கும் என்று பிரதமர் நரேந்திர மோடி மற்றும் மத்திய சுகாதார அமைச்சர் டாக்டர் ஹர்ஷவர்தன் ஆகியோர் மாநில அரசுகளுக்கு உறுதியளித்திருந்தனர்<br />நாடுகளில் உருவாக்கப்பட்ட தடுப்பூசியைப் பயன்படுத்த அனுமதிக்க மத்திய அரசு முன்வந்துள்ளது<br />யு.எஸ். ஜான்சன் அண்ட் ஜான்சன், ஜெய்டஸ் காடில்லா, உள்நாட்டில் உருவாக்கப்பட்ட சீரம் நோவாவாக்ஸ் மற்றும் பாரத் பயோடெக் நாசி தடுப்பூசி உள்ளிட்ட ஐந்து தடுப்பூசிகள் விரைவில் கிடைக்கின்றன என்று சிறந்த வட்டாரங்கள் தெரிவிக்கின்றன.</p>
<p>The post <a href=""https://dinasudar.com/%e0%ae%ae%e0%af%87%e0%ae%b2%e0%af%81%e0%ae%ae%e0%af%8d-5-%e0%ae%a4%e0%ae%9f%e0%af%81%e0%ae%aa%e0%af%8d%e0%ae%aa%e0%af%82%e0%ae%9a%e0%ae%bf%e0%ae%95%e0%ae%b3%e0%af%81%e0%ae%95%e0%af%8d%e0%ae%95/"" rel=""nofollow"">மேலும் 5 தடுப்பூசிகளுக்கு அனுமதி</a> appeared first on <a href=""https://dinasudar.com"" rel=""nofollow"">Dinasudar</a>.</p>",https://dinasudar.com/%e0%ae%ae%e0%af%87%e0%ae%b2%e0%af%81%e0%ae%ae%e0%af%8d-5-%e0%ae%a4%e0%ae%9f%e0%af%81%e0%ae%aa%e0%af%8d%e0%ae%aa%e0%af%82%e0%ae%9a%e0%ae%bf%e0%ae%95%e0%ae%b3%e0%af%81%e0%ae%95%e0%af%8d%e0%ae%95/,['https://dinasudar.com/wp-content/uploads/2020/08/sudar-logo.png'],"Tue, 13 Apr 2021 15:46:07 +0000"
இன்று 8778 பேர் பாதிப்பு. 67 சாவு,"<p></p>



<p>பெங்களூர் ஏப். 13<br />கர்நாடக மாநிலத்தில் கொரோனா வைரஸ் வழக்குகள் பல நாட்களாக அதிகரித்து வருகின்றன, இன்றைய எண்ணிக்கை நேற்றையதை விட குறைவாக உள்ளது, ஆனால் இறப்பு எண்ணிக்கை அதிகரித்துள்ளது<br />கடந்த 24 மணி நேரத்தில் 67 பேர், பலியாகி உள்ளனர். பெங்களூர் நகரத்தில் 55 பேர், கலபுர்கியில் 4 பேர் மைசூர் பீகாரில் தலா இரண்டு பேர் பலியாகி உள்ளனர்.<br />மீதமுள்ள மாவட்டங்களில் கொரோனாவால் இறப்புகள் இல்லை<br />இன்று, மாநிலத்தில் 8778 பேர் கொரோனா நோய் இருப்பதாக உறுதி செய்யப்பட்டுள்ளனர்<br />இன்று, பாதிக்கப்பட்ட 6079 பேர் குணமடைந்துள்ளனர், 67 பேர் இறந்துள்ளனர்<br />கடந்த 24 மணி நேரத்தில் பெங்களூரில் 5500 க்கும் மேற்பட்ட கொரோனா வைரஸ் நோய்த்தொற்றுகள் பதிவாகியுள்ளன,<br />4415 நோயாளிகள் பெங்களூரு மருத்துவமனைகளில் இருந்து வெளியேற்றப்பட்டுள்ளனர்</p>
<p>The post <a href=""https://dinasudar.com/%e0%ae%87%e0%ae%a9%e0%af%8d%e0%ae%b1%e0%af%81-8778-%e0%ae%aa%e0%af%87%e0%ae%b0%e0%af%8d-%e0%ae%aa%e0%ae%be%e0%ae%a4%e0%ae%bf%e0%ae%aa%e0%af%8d%e0%ae%aa%e0%af%81-67-%e0%ae%9a%e0%ae%be%e0%ae%b5/"" rel=""nofollow"">இன்று 8778 பேர் பாதிப்பு. 67 சாவு</a> appeared first on <a href=""https://dinasudar.com"" rel=""nofollow"">Dinasudar</a>.</p>",https://dinasudar.com/%e0%ae%87%e0%ae%a9%e0%af%8d%e0%ae%b1%e0%af%81-8778-%e0%ae%aa%e0%af%87%e0%ae%b0%e0%af%8d-%e0%ae%aa%e0%ae%be%e0%ae%a4%e0%ae%bf%e0%ae%aa%e0%af%8d%e0%ae%aa%e0%af%81-67-%e0%ae%9a%e0%ae%be%e0%ae%b5/,['https://dinasudar.com/wp-content/uploads/2020/08/sudar-logo.png'],"Tue, 13 Apr 2021 15:40:44 +0000"
ஜேபி நகர் ஓட்டலில் 19 பேருக்கு கொரோனா,"<p></p>



<p>பெங்களூரு: ஏப்ரல். 14 &#8211; ஜே .பி நகரின் ஓட்டல் ஒன்றில் ஒட்டுமொத்தமாக 19 பேருக்கு கொரோனா தாக்கியிருப்பது தெரியவந்துள்ளது.</p>



<p>கடந்த நான்கு தினங்களுக்கு முன்னர் ஜே .பி நகரின் சுள்ள சவுக்கி தாபாவில் பணியாற்றிவந்திருந்த 55 பேருக்கு கொரோனா பரிசாதனை செய்யப்பட்டது. இதில் 19 ஊழியர்கள் கொரோனாவால் பாதிக்கப்பட்டிருப்பது தெரிய வந்துள்ளது. இந்த நிலையில் இந்த தாபாவிற்கு வந்த மாநகராட்சி அதிகாரிகள் கொரோனாவால் பாதிக்கப்பட்டவர்களை வீட்டு தனிமை செய்துள்ளனர். ஒரு வேளை நோய் அறிகுறிகள் அதிகரித்தால் அவரகள் மருத்துவமணிகளில் சேர்க்கப்படுவர். ஆனாலும் அனைவரையும் கொரோனா சிகிச்சை மையங்களுக்கு அனுப்ப ஏற்பாடுகள் செய்து வருவதாக மாநகராட்சியின் தெற்கு வலய சுகாதார அதிகாரி சிவகுமார் தகவல் அளித்துள்ளார்.</p>
<p>The post <a href=""https://dinasudar.com/%e0%ae%9c%e0%af%87%e0%ae%aa%e0%ae%bf-%e0%ae%a8%e0%ae%95%e0%ae%b0%e0%af%8d-%e0%ae%93%e0%ae%9f%e0%af%8d%e0%ae%9f%e0%ae%b2%e0%ae%bf%e0%ae%b2%e0%af%8d-19-%e0%ae%aa%e0%af%87%e0%ae%b0%e0%af%81%e0%ae%95/"" rel=""nofollow"">ஜேபி நகர் ஓட்டலில் 19 பேருக்கு கொரோனா</a> appeared first on <a href=""https://dinasudar.com"" rel=""nofollow"">Dinasudar</a>.</p>",https://dinasudar.com/%e0%ae%9c%e0%af%87%e0%ae%aa%e0%ae%bf-%e0%ae%a8%e0%ae%95%e0%ae%b0%e0%af%8d-%e0%ae%93%e0%ae%9f%e0%af%8d%e0%ae%9f%e0%ae%b2%e0%ae%bf%e0%ae%b2%e0%af%8d-19-%e0%ae%aa%e0%af%87%e0%ae%b0%e0%af%81%e0%ae%95/,['https://dinasudar.com/wp-content/uploads/2020/08/sudar-logo.png'],"Tue, 13 Apr 2021 15:15:43 +0000"
நெல்லை: பழவூர் நாறும்பூநாதர் கோயிலில் பூத்துக் குலுங்கும் கொன்றை! - பக்தர்கள் பரவசம்,"<h3>அதிசய ஐம்பொன் சிலைகள்!</h3><p>நெல்லை மாவட்டம் பணகுடி அருகே உள்ள பழவூரில் ஆவுடையம்மாள் சமேத நாறும்பூநாதர் கோயில் உள்ளது. 16-ம் நூற்றாண்டில் பாண்டிய மன்னர்கள் காலத்தில் கட்டப்பட்ட பழைமையான இந்தக் கோயில் 15,000 சதுர அடியில், முழுவதும் வரிக்கற்கலால் பழங்காலக் கட்டுமானக் கலையின் அடிப்படையில் அமைந்துள்ளது.</p><figure><img src=""https://gumlet.assettype.com/vikatan/2021-04/07e75e6b-57f5-47c2-bed2-a6be7ff49ab2/temple_1.jpg"" /><figcaption>நாறும்பூநாதர் கோயில்</figcaption></figure><p>இந்தக் கோயிலில் உள்ள இருந்த 13 ஐம்பொன் சிலைகள் கடந்த 2005-ம் ஆண்டு திருட்டுப் போனது. இது தொடர்பாக சுபாஷ் சந்திர கபூர், வல்லப பிரகாஷ், ஆதித்ய பிரகாஷ், தீனதயாள் உள்ளிட்ட 18 பேர் மீது சிலை கடத்தல் தடுப்பு போலீஸார் வழக்குத் தொடர்ந்து சிலரைக் கைது செய்தனர்.</p><p><a href=""https://www.vikatan.com/spiritual/temples/62931-cassia-fistula-sacred-flower-of-the-hindus"">பழவூர் நாறும்பூநாதர் கோயிலில் இருந்து கடத்தப்பட்ட ஆடல் நடராஜர், </a>சிவகாமி அம்பாள், கிருஷ்ணர், அஸ்திரதேவர், மாணிக்கவாசகர், வெயில்காத்த அம்மன், காரைக்கால் அம்மையார், கோமதி அம்மன், சுப்பிரமணியர் என 9 சிலைகள் மீட்கப்பட்டன. போலீஸாரால் மீட்கப்பட்ட ஆடல் நடராஜர் மட்டும் 15 கோடி மதிப்பிலானது.</p><p>Also Read: <a href=""https://www.vikatan.com/health/healthy/86852-medicinal-uses-of-cassia-fistula"">இதயநோய், மூலம், சரும நோய்களுக்கு மருந்தாகும் சரக்கொன்றை..!</a></p><p>பழைமை வாய்ந்த இந்தக் கோயிலின் தல விருட்சமாக சரக் கொன்றை மரம் உள்ளது. கோயில் நிர்மாணிக்கப்படுவதற்கு முன்பே இந்த மரம் அங்கு இருந்ததாகத் தொல்பொருள் அறிஞர்கள் தெரிவிக்கின்றனர். மரத்தின் அடிப்பகுதி கோயிலின் உள்ளேயும் அதன் மேல்பகுதி மண்டபத்துக்கு வெளியேயும் வளர்ந்து நிற்கிறது.</p><h3>கொன்றை மலரின் முக்கியத்துவம்!</h3><p>சரக் கொன்றை மரத்தில் ஒவ்வொரு வருடமும் சித்திரை மாதத்தில் மலர்கள் பூத்துக் குலுங்குவது வழக்கம். அதைக் கொண்டு சித்திரை மாதப் பிறப்பின்போது சுவாமிக்கு சிறப்பு அலங்காரம் செய்யப்படுவது வழக்கம். </p><figure><img src=""https://gumlet.assettype.com/vikatan/2021-04/1bd84965-3dc4-4b7c-8a26-499216d4a07f/temple_2.jpg"" /><figcaption>நாறும்பூநாதர் சுவாமி கோயில்</figcaption></figure><p>சித்திரை மாதத் தொடக்கத்தில் கொன்றை மலர்களால் சிவனை வழிபடுவது சிறப்புக்குரியது. அதன் காரணமாகவே குமரி மாவட்டத்தில் கனி காணுதல் நிகழ்வுக்கும், அருகில் இருக்கும் கேரள மாநிலத்தில் சித்திரை விசு நிகழ்வுகளிலும் சரக் கொன்றை மலர்களுக்கு முக்கியத்துவம் கொடுக்கப்படுகிறது.</p><p>சரக் கொன்றை மலருக்கு சித்திரைப் பூ, சுவர்ண புஷ்பம் என்ற பெயர்களும் உண்டு. இந்த மலர்களை சிவபெருமான் தன் தலையில் சூடிக் கொண்டதாக சமய இலக்கியங்கள் மூலம் தெரியவருகின்றன. பொன்னிறமான கொன்றை மலர்கள் சரம் சரமாகப் பூத்துக் குலுங்குவதைக் காண்பதே பெரும் பாக்கியமாகக் கருதப்படுகிறது. </p><p>Also Read: <a href=""https://www.vikatan.com/news/crime/145361-pon-manikavel-team-seized-murugan-statue-which-is-worth-rs-1-crore"">'1கோடிக்கு விலை பேசப்பட்ட பஞ்சலோக முருகன் சிலை!'- அதிரடி காட்டிய பொன்.மாணிக்கவேல் குழு</a></p><p>சிவ பெருமானுக்கு உகந்த மரமான கொன்றை, பல்வேறு இடங்களில் உள்ள சிவாலயங்கள் தல விருட்சமாக உள்ளன. மரத்தின் பூ, இலை மற்றும் மரத்தின் பட்டை ஆகியவை மருத்துவக்குணம் மிகுந்தவை. இவை அனைத்துமே சர்க்கரை நோய், வயிற்றுக் கோளாறு உள்ளிட்ட பல்வேறு நோய்களுக்கு மருந்தாகப் பயன்படுத்தப்படுகின்றன.</p><h3>பக்தர்கள் பரவசம்!</h3><p>சித்திரை மாதத்தில் சிவ பெருமானுக்கு நடக்கும் சிறப்புப் பூஜைக்கு சரக் கொன்றை மலர்கள் பெருமளவில் பயன்படுத்தப்படும் நிலையில், அதற்கு உகந்த வகையில் இப்போதே <a href=""https://www.vikatan.com/spiritual/temples/62931-cassia-fistula-sacred-flower-of-the-hindus"">கொன்றை மலர்கள் பழவூர் நாறும்பூநாதர் கோயிலில்</a> மரம் முழுவதும் பூத்துக் குலுங்குகிறது. புத்தாண்டில் சரக்கொன்றை மலரைப் பார்ப்பதால், வாழ்வில் வளம் கூடும் என்பது நம்பிக்கை.</p><figure><img src=""https://gumlet.assettype.com/vikatan/2021-04/cb72f7f7-6b33-4cc9-9774-2f8dfdb7dcef/temple_3.jpg"" /><figcaption>பூத்துக் குலுங்கும் தல விருட்சம்</figcaption></figure><p>பழவூர் நாறும்பூநாதர் கோயிலின் வெளியில் இருந்து பார்க்கும்போதே தெரியும் வகையில் மலர்கள் பொன்னிறமாக மினுங்குகின்றன. அதனால் கோயிலுக்கு வரும் பக்தர்கள் வாசலிலேயே பக்திப் பரவசத்துடன் கொன்றை மலர்களை அதிசயத்துடன் பார்த்து சிவநாமத்தை உச்சரிக்கிறார்கள்.</p>",https://www.vikatan.com/spiritual/news/medically-important-cassia-fistula-aka-golden-shower-tree-in-narumbunathar-temple,https://gumlet.assettype.com/vikatan/2021-04/15166d96-4007-4f71-ba1c-1f6e82897b45/temple.jpg,"Tue, 13 Apr 2021 14:53:12 +0000"
5 ஆயிரம் ரூபாய் கொடுப்பனவு வழங்கும் பணி இன்றும்  தொடர்கிறது!,"<div class=""vuukle-powerbar powerbarBoxDiv"" id=""vuukle-powerbar""></div>
<p>தமிழ் சிங்கள் சித்திரை புத்தாண்டு காலப்பகுதியில் குறைந்த வருமானம் பெறும் குடும்பங்களுக்கு 5 ஆயிரம் ரூபாய் கொடுப்பனவு வழங்கும் பணி இன்று (செவ்வாய்க்கிழமை) இரண்டாவது நாளாகவும் தொடர்ந்து இடம்பெற்று வருகிறது.</p>



<p>கொரோனா வைரஸ் தொற்றினால் பாரிய நெருக்கடிகளுக்கு முகங்கொடுத்த மக்களுக்கு அரசாங்கம் வழங்கும் கொடுப்பனவுக்கு மேலதிகமாக இந்தத் தொகை வழங்கப்படுகிறது.</p>



<p>அதன்படி, சமுர்த்தி பயனாளிகள், குறைந்த வருமானம் பெறுவோர், முதியோர் கொடுப்பனவுகளை பெறுவோர், அங்கவீன கொடுப்பனவை பெறுவோர், சிறுநீரக நோயினால் பாதிக்கப்பட்டோர் ஆகியோருக்கு இந்தக் கொடுப்பனவு வழங்கப்படுகிறது</p>



<p>இதன் கீழ் இதுவரையில் 12 இலட்சத்து 33 ஆயிரத்து 55 பேருக்கு இந்தக் கொடுப்பனவு வழக்கப்பட்டுள்ளது.</p>



<p>இந்தக் கொடுப்பனவை வழங்குவதற்காக கொழும்பு மாவட்டத்தில் இரண்டு இலட்சத்து 50 ஆயிரம் பேர் தெரிவு செய்யப்பட்டுள்ளனர்.</p>



<p>கேகாலை’, குருநாகல், கிளிநொச்சி, கண்டி மற்றும் களுத்துறை மாவட்டங்களில் இந்த வேலைத்திட்டம் வெற்றிகரமான முறையில் முன்னெடுக்கப்படுகிறது.</p>



<p>அத்தோடு, மொனராகலை, பொலன்னறுவை மாவட்டங்களுக்கும் இந்தக் கொடுப்பனவு வழங்கப்படவுள்ளமை குறிப்பிடத்தக்கது.</p>
<div class=""vuukle-powerbar powerbarBoxDiv"" id=""vuukle-powerbar""></div><div class=""emotesBoxDiv"" id=""vuukle-emote""></div><p>The post <a href=""https://vanakkamlondon.com/world/srilanka/2021/04/108198/"" rel=""nofollow"">5 ஆயிரம் ரூபாய் கொடுப்பனவு வழங்கும் பணி இன்றும்  தொடர்கிறது!</a> appeared first on <a href=""https://vanakkamlondon.com"" rel=""nofollow"">Vanakkam London</a>.</p>",https://vanakkamlondon.com/world/srilanka/2021/04/108198/,['https://vanakkamlondon.com/wp-content/uploads/2021/04/6adf62be37ebad5d54ede3738ee31032_XL.jpg'],"Tue, 13 Apr 2021 14:15:25 +0000"
அனைத்து மாநிலங்களுக்கும் 13.10 கோடி தடுப்பூசி மருந்துகள் வழங்கப்பட்டுள்ளன!,"<div class=""vuukle-powerbar powerbarBoxDiv"" id=""vuukle-powerbar""></div>
<p>டெல்லி: இதுவரை அனைத்து மாநிலங்களுக்கும் 13.10 கோடி தடுப்பூசி மருந்துகள் வழங்கப்பட்டுள்ளன என மத்திய சுகாதாரச் செயலர் ராஜேஷ் பூஷன் தெரிவித்துள்ளார். மாநிலங்களுக்கு தேவைக்கேற்ப தடுப்பூசி மருந்துகள் வழங்கப்படுகின்றன; தடுப்பூசிக்கு தட்டுப்பாடு இல்லை.</p>



<p>நாடு முழுவதும் இதுவரை 10.85 கோடி பேருக்கு தடுப்பூசிகள் செலுத்தப்பட்டுள்ளன. நாடு முழுவதும் கொரோனா தொற்று பரவல் அதிகரித்து வருவது கவலை அளிக்கும் வகையில் உள்ளது எனவும் கூறினார்.</p>
<div class=""vuukle-powerbar powerbarBoxDiv"" id=""vuukle-powerbar""></div><div class=""emotesBoxDiv"" id=""vuukle-emote""></div><p>The post <a href=""https://vanakkamlondon.com/world/india/2021/04/108192/"" rel=""nofollow"">அனைத்து மாநிலங்களுக்கும் 13.10 கோடி தடுப்பூசி மருந்துகள் வழங்கப்பட்டுள்ளன!</a> appeared first on <a href=""https://vanakkamlondon.com"" rel=""nofollow"">Vanakkam London</a>.</p>",https://vanakkamlondon.com/world/india/2021/04/108192/,['https://vanakkamlondon.com/wp-content/uploads/2021/04/625.500.560.350.160.300.053.800.900.160.90-96.jpg'],"Tue, 13 Apr 2021 14:12:15 +0000"
தேங்காய் எண்ணெய் மாதிரிகளின் ஆய்வு முடிவுகள் புத்தாண்டுக்கு பின்னர்!,"<div class=""vuukle-powerbar powerbarBoxDiv"" id=""vuukle-powerbar""></div>
<p>புற்றுநோயை ஏற்படுத்தும் தேங்காய் எண்ணெய் மாதிரிகளின் ஆய்வு முடிவுகள் புத்தாண்டுக்கு பின்னர் வெளியிடப்படும் என நுகர்வோர் அதிகார சபை தெரிவித்துள்ளது.</p>



<p>பேராதனை பல்கலைகழகத்திற்கு ஆய்வுக்காக அனுப்பி வைக்கப்பட்ட 30 தேங்காய் எண்ணெய் மாதிரிகளின் முடிவுகளே இவ்வாறு வெளியிடப்படவுள்ளதாக அந்த அதிகார சபையின் உயர் அதிகாரி ஊடகமொன்றுக்கு குறிப்பிட்டுள்ளார்.</p>



<p>அதேநேரம், சந்தைகளில் பெறப்பட்ட 109 தேங்காய் எண்ணெய் மாதிரிகளில் புற்றுநோயை ஏற்படுத்தக்கூடிய அஃப்ளாடொக்ஸின் இரசாயனம் அடங்கவில்லை என உறுதிப்படுத்தப்பட்டதாக இராஜாங்க அமைச்சர் அண்மையில் அறிவித்திருந்தார் என்பது குறிப்பிடத்தக்கது.</p>
<div class=""vuukle-powerbar powerbarBoxDiv"" id=""vuukle-powerbar""></div><div class=""emotesBoxDiv"" id=""vuukle-emote""></div><p>The post <a href=""https://vanakkamlondon.com/world/srilanka/2021/04/108189/"" rel=""nofollow"">தேங்காய் எண்ணெய் மாதிரிகளின் ஆய்வு முடிவுகள் புத்தாண்டுக்கு பின்னர்!</a> appeared first on <a href=""https://vanakkamlondon.com"" rel=""nofollow"">Vanakkam London</a>.</p>",https://vanakkamlondon.com/world/srilanka/2021/04/108189/,['https://vanakkamlondon.com/wp-content/uploads/2021/04/46038decc8afa3647d9150b93ffc582c_XL.jpg'],"Tue, 13 Apr 2021 14:05:33 +0000"
இறுக்கமான உடையில் துள்ளி குதித்து விளையாடும் VJ ரம்யா.. வைரல் வீடியோ,"<p>அஜித் படத்தில் நடித்த பார்வதி நாயர், கனிகா மற்றும் கொரோனாவால் பாதிக்கப்பட்டு தனிமைப்படுத்தி உள்ள நிவேதா தாமஸ் பாடியுள்ள பாடல் இந்த வீடியோவில் இணைக்கப்பட்டுள்ளது.</p>
<p>அதுமட்டுமில்லாமல் VJ ரம்யா இறுக்கமான உடைகள் டென்னிஸ் பயிற்சி எடுக்கும் வீடியோவை சமூக வலைத் தளங்களில் வைரலாக பரவி வருகிறது. GYM workout செய்து ரசிகர்களை குஷிப்படுத்திய பாவனா மற்றும் சாக்ஷி அகர்வால்.</p>
<p></p>
<p>The post <a href=""https://www.cinemapettai.com/tamil-actress-viral-video-vj-ramya-bhavana-nivetha-thomas/"" rel=""nofollow"">இறுக்கமான உடையில் துள்ளி குதித்து விளையாடும் VJ ரம்யா.. வைரல் வீடியோ</a> appeared first on <a href=""https://www.cinemapettai.com"" rel=""nofollow"">Cinemapettai</a>.</p>",https://www.cinemapettai.com/tamil-actress-viral-video-vj-ramya-bhavana-nivetha-thomas/,['https://www.cinemapettai.com/wp-content/uploads/2021/04/vj-ramya.jpg'],"Tue, 13 Apr 2021 13:15:36 +0000"
"விஜய், அஜித் ரேஞ்சுக்கு பந்தா பண்ணும் பாபி சிம்ஹா.. ஒரு தேசிய விருதை வாங்கிட்டு இவர் படுத்தும்பாடு இருக்கே!","<p>100 கோடி சம்பளம் வாங்கும் விஜய், அஜித்தே தங்களுடைய தயாரிப்பாளர்களுக்கு மரியாதை கொடுத்து சொன்ன நேரத்தில் படப்பிடிப்பிற்கு வந்து சத்தம் இல்லாமல் தங்களுடைய வேலையை முடித்துக் கொடுத்து விடுகின்றனர்.</p>
<p>ஆனால் நேற்று பெய்த மழையில் இன்று முளைத்த காளான்கள் எல்லாம் தயாரிப்பாளர்களை படாதபாடு படுத்தி வருகிறது. அந்த வகையில் நடிகர் பாபி சிம்ஹாவை சேர்த்து விடலாம் என்கிறது கோலிவுட் வட்டாரம்.</p>
<p>கார்த்திக் சுப்புராஜ் தயவில் தமிழ் சினிமாவில் தனக்கென ஒரு இடம் பிடித்தவர் பாபி சிம்ஹா. கார்த்திக் சுப்புராஜ் மற்றும் சித்தார்த் கூட்டணியில் வெளியான ஜிகர்தண்டா படத்தில் வில்லனாக நடித்தார்.</p>
<p>அதில் அசால்ட் சேது என்ற கதாபாத்திரத்தில் மிரட்டல் வில்லனாக நடித்திருந்த பாபி சிம்ஹாவுக்கு தேசிய விருது கிடைத்தது. அன்று முதல் இன்று வரை தமிழ் சினிமாவில், தான் ஒரு சரித்திர நாயகன் என்ற ரேஞ்சுக்கு பந்தா செய்து வருகிறாராம்.</p>
<p>பைவ் ஸ்டார் ஹோட்டலில் தான் தங்குவாராம், ஃபாரின் உணவுகள் தான் சாப்பிடுவாராம், படப்பிடிப்பு தளங்களுக்கு ஆடி, பென்ஸ் போன்ற கார்களில் தான் செல்வாராம். இவருடைய மொத்த செலவும் தயாரிப்பாளர் தான் செய்ய வேண்டுமாம்.</p>
<p>நடிக்க திறமை இருந்து என்ன பண்றது, இவருடைய ஆடம்பரமும் மற்றவர்களை மதிக்காத பண்பும் ஒரு நாள் கண்டிப்பாக உச்சத்தில் இருந்து கீழே சரித்து விடும் என தலையில் அடித்துக் கொள்ளாத அளவுக்கு புலம்புகிறார்களாம் தயாரிப்பாளர்கள். இதனை வலைப்பேச்சு நண்பர்கள் தங்களுடைய வீடியோ மூலம் பாபி சிம்ஹாவின் உண்மையான சுயரூபத்தை வெளிக்காட்டியுள்ளனர்.</p>
<div class=""wp-caption aligncenter"" id=""attachment_229886"" style=""width: 610px;""><img alt=""bobby-simha-cinemapettai"" class=""wp-image-229886 size-full"" height=""753"" src=""https://www.cinemapettai.com/wp-content/uploads/2021/04/bobby-simha-cinemapettai.jpg"" width=""600"" /><p class=""wp-caption-text"" id=""caption-attachment-229886"">bobby-simha-cinemapettai</p></div>
<p>The post <a href=""https://www.cinemapettai.com/bobby-simha-behavior-news/"" rel=""nofollow"">விஜய், அஜித் ரேஞ்சுக்கு பந்தா பண்ணும் பாபி சிம்ஹா.. ஒரு தேசிய விருதை வாங்கிட்டு இவர் படுத்தும்பாடு இருக்கே!</a> appeared first on <a href=""https://www.cinemapettai.com"" rel=""nofollow"">Cinemapettai</a>.</p>",https://www.cinemapettai.com/bobby-simha-behavior-news/,['https://www.cinemapettai.com/wp-content/uploads/2021/04/bobby-simha-cinemapettai.jpg'],"Tue, 13 Apr 2021 12:52:30 +0000"
வெறும் பனியனில் பலான போஸ் கொடுத்த ஷாலு ஷம்மு.. சூடு தாங்காமல் கொதிக்கும் இணையதளம்,"<p>ஷாலு ஷம்மு(shalu shammu) அஜித் நடிப்பில் வெளியான காதல் மன்னன் படத்தில் குழந்தை நட்சத்திரமாக அறிமுகம் ஆனவர். அதன்பிறகு சூரிக்கு ஜோடியாக சில காட்சிகளில் வருத்தப்படாத வாலிபர் சங்கம் படத்தில் வருவார்.</p>
<p>அந்த படத்தில் இருந்து தான் தமிழ் சினிமா ரசிகர்களுக்கு இவரை தெரியும். அதன்பிறகு, தெகிடி, மான் கராத்தே, சகலகலா வல்லவன், ஈட்டி, தமிழுக்கு எண் ஒன்றை அழுத்தவும், தேவதாஸ், ரெக்க, நெருப்புடா, கேக்குறான் மேக்குறான், திருட்டுப்பயலே 2, மிஸ்டர் லோக்கல் உள்ளிட்ட படங்களில் நடித்துள்ளார்.</p>
<p>எனினும் பெரிய அளவில் இவர் வளரவில்லை, வளர்ந்து வரும் நடிகையாகவே உள்ளார். பெரிய நடிகர்கள் யாருடனும் இதுவரை ஜோடியாக நடித்தது இல்லை.</p>
<p>சமூக வலைதளங்களில் எப்போதும் ஆக்டிவ் மோடில் இருக்கும் ஷம்மு அண்மைக்காலமாக வெளியிடும் புகைப்படங்கள் சாதாரண ரகம் அல்ல. மிக கவர்ச்சியின் உச்சம், என் இப்படி செய்கிறார் என்பது தெரியவில்லை.</p>
<div class=""wp-caption aligncenter"" id=""attachment_229872"" style=""width: 610px;""><img alt=""shalu-shamu"" class=""size-full wp-image-229872"" height=""750"" src=""https://www.cinemapettai.com/wp-content/uploads/2021/04/shalu-shamu-3.jpg"" width=""600"" /><p class=""wp-caption-text"" id=""caption-attachment-229872"">shalu-shamu</p></div>
<p>சமீபத்தில்கூட கடற்கரையை வெறும் உள்பனியன் மட்டும் போட்டு புகைப்படங்களை வெளியிட்டு ரசிகர்களை உசுப்பேற்றி உள்ளார்.</p>
<div class=""wp-caption aligncenter"" id=""attachment_229871"" style=""width: 610px;""><img alt=""shalu-shamu"" class=""size-full wp-image-229871"" height=""474"" src=""https://www.cinemapettai.com/wp-content/uploads/2021/04/shalu-shamu-2.jpg"" width=""600"" /><p class=""wp-caption-text"" id=""caption-attachment-229871"">shalu-shamu</p></div>
<p>இந்நிலையில் மீண்டும் கவர்ச்சி களத்தில் குதித்துள்ள ஷாலு அம்மு, பட வாய்ப்புகளுக்காக இப்படி அரையும் குறையுமாக புகைப்படங்களை வெளியிட்டு தயாரிப்பாளர்களை வளைத்துப் போடும் வேலையில் இறங்கிவிட்டாராம்.</p>
<div class=""wp-caption aligncenter"" id=""attachment_229870"" style=""width: 610px;""><img alt=""shalu-shamu"" class=""size-full wp-image-229870"" height=""657"" src=""https://www.cinemapettai.com/wp-content/uploads/2021/04/shalu-shamu-1.jpg"" width=""600"" /><p class=""wp-caption-text"" id=""caption-attachment-229870"">shalu-shamu</p></div>
<p>The post <a href=""https://www.cinemapettai.com/shalu-shamu-latest-beach-photo-goes-viral-2/"" rel=""nofollow"">வெறும் பனியனில் பலான போஸ் கொடுத்த ஷாலு ஷம்மு.. சூடு தாங்காமல் கொதிக்கும் இணையதளம்</a> appeared first on <a href=""https://www.cinemapettai.com"" rel=""nofollow"">Cinemapettai</a>.</p>",https://www.cinemapettai.com/shalu-shamu-latest-beach-photo-goes-viral-2/,"['https://www.cinemapettai.com/wp-content/uploads/2021/04/shalu-shamu-3.jpg', 'https://www.cinemapettai.com/wp-content/uploads/2021/04/shalu-shamu-2.jpg', 'https://www.cinemapettai.com/wp-content/uploads/2021/04/shalu-shamu-1.jpg']","Tue, 13 Apr 2021 12:38:18 +0000"
கேரளா: உறவினருக்கு அரசுப் பணி வழங்கிய விவகாரம்! - உயர்கல்வித்துறை அமைச்சர் திடீர் ராஜினாமா!,"<p>கேரள மாநில உயர்கல்வித்துறை அமைச்சராக இருந்தவர் கே.டி.ஜலீல். திருவனந்தபுரம் யு.ஏ.இ தூதரகம் மூலம் தங்கம் கடத்திய வழக்கில் கைதுசெய்யப்பட்ட ஸ்வப்னா சுரேஷுடன் தொடர்பில் இருந்ததாக கே.டி.ஜலீல் மீது குற்றச்சாட்டு இருந்துவந்தது. அந்த விவகாரத்தில் மத்திய அரசு ஏஜென்சிகளின் விசாரணைக்கு ஜலீல் ஆஜரானார். மேலும், யு.ஏ.இ தூதரகத்திலிருந்து அரசு வாகனத்தில் சந்தேகத்துக்கு இடமான சில பார்சல்களை ஏற்றிச் சென்றதாகவும் கே.டி.ஜலீல் மீது குற்றச்சாட்டு கூறப்பட்டுவந்தது. </p><p>இதற்கிடையே தனது அமைச்சர் பதவியை பயன்படுத்தி, சட்டவிரோதமாக உறவினருக்கு வேலை வாங்கிக் கொடுத்ததாகப் புகார் எழுந்தது. அந்தப் புகாரை விசாரித்த லோக் ஆயுக்தா தரப்பில், கடந்த சில நாள்களுக்கு முன்பு வழங்கிய தீர்ப்பில் ஜலீல் தவறு செய்தது கண்டறியப்பட்டதாகக் கூறப்பட்டிருந்தது. மேலும், அவர் அமைச்சர் பதவியில் தொடரும் தகுதியை இழந்துவிட்டதாகவும் தீர்ப்பில் கூறப்பட்டிருந்தது. </p><p>85 பக்கங்கள்கொண்ட அந்தத் தீர்ப்பின் நகல் கடந்த திங்கள்கிழமை முதல்வர் பினராயி விஜயனுக்கு அனுப்பிவைக்கப்பட்டது. லோக் ஆயுக்தா சட்டப்படி மூன்று மாதங்களில் நடவடிக்கை எடுக்க வேண்டும் என்ற நிலை ஏற்பட்டது. இதைத் தொடர்ந்து லோக் ஆயுக்தா தீர்ப்பை ரத்துசெய்ய வேண்டும் என கே.டி.ஜலீல் கேரள உயர் நீதிமன்றத்தில் மனுத்தாக்கல் செய்திருந்தார். அந்த மனு மீதான விசாரணை நிலுவையில் இருக்கும்போதே இன்று தனது அமைச்சர் பதவியை ராஜினாமா செய்திருக்கிறார் கே.டி.ஜலீல்.</p><figure><img src=""https://gumlet.assettype.com/vikatan/2020-12/975fbca4-9544-4414-a064-1672791a9ddd/pina3.jpg"" /><figcaption>பினராயி விஜயன்</figcaption></figure><p>2016-ல் அமைச்சராக பொறுப்பேற்ற இரண்டு மாதங்களில் தனது தந்தையின் அண்ணன் மகனின் மகனான கே.டி.அதீப் என்பவரை சிறுபான்மை மேம்பாட்டு நிதி கழகத்தில் பணியில் நியமிக்கும் முயற்சியில் இறங்கியிருக்கிறார். பின்னர் அவருக்குப் பணி வாங்கிக் கொடுக்கத் தனது அதிகாரத்தைத் தவறாகப் பயன்படுத்தியதுடன், பதவி ஏற்பின்போது எடுத்த சத்தியப் பிரமாணத்துக்கு எதிராகவும் செயல்பட்டதாக லோக் ஆயுக்தா தீர்ப்பில் தெரிவித்திருந்தது. மக்கள் பிரதிநிதிகள் செய்யும் தவறுகளை விசாரணை செய்யும் லோக் ஆயுக்தா வழங்கிய தீர்ப்பு கேரள அரசியலில் அதிர்வலையை ஏற்படுத்தியிருந்தது.</p><p>ஆனால், அமைச்சராக இருந்த ஜலீல், தனக்கு எதிரான இந்தப் புகார்களை உயர் நீதிமன்றம் ஏற்கெனவே விசாரணை நடத்தி தள்ளுபடி செய்துவிட்ட விவகாரம் கூறிவந்தார். அதேசமயம் சி.பி.எம் நிர்வாகிகளும், அமைச்சர் ஜலீல் ராஜினாமா செய்ய வேண்டியது இல்லை என்றும், நீதிமன்றம் தீர்ப்பைப் பொறுத்து அடுத்தகட்ட முடிவு எடுக்கப்படும் எனவும் கூறிவந்தனர். இந்தநிலையில், திடீரென தனது அமைச்சர் பதவியை ராஜினாமா செய்திருக்கிறார் கே.டி.ஜலீல்.</p><figure><img src=""https://gumlet.assettype.com/vikatan/2021-04/a57a8fd1-8f59-40bd-bfb3-2d5bd52db1f5/FB_IMG_1618303321888.jpg"" /><figcaption>கே.டி.ஜலீல்</figcaption></figure><p>கே.டி.ஜலீல் கேரள முதல்வர் பினராயி விஜயனுக்கு அனுப்பியுள்ள ராஜினாமா கடிதத்தில், ``தார்மிக விஷயங்களை முன்வைத்து ராஜினாமா செய்கிறேன். லோக் ஆயுக்தாவில் இப்படி ஒரு தீர்ப்பு வந்ததால் நான் ராஜினாமா செய்கிறேன்"" என அந்தக் கடிதத்தில் தெரிவித்திருக்கிறார். மேலும், தனது முகநூல் பக்கத்தில், ``என் ரத்தத்தை உறிஞ்சிக் குடிக்க விரும்புபவர்கள் தற்காலிகமாக ஆசுவாசப்பட்டுக்கொள்ளலாம். எனது ராஜினாமா கடிதத்தை முதல்வரிடம் ஒப்படைத்ததை சந்தோஷமாக அறிவிக்கிறேன்"" என பதிவிட்டுள்ளார்.</p><p>உறவினரைச் சட்டவிரோதமாக அரசுப்பணியில் அமர்த்திய விவகாரத்தில் லோக் ஆயுக்தா வழங்கிய தீர்ப்பின் அடிப்படையில் கே.டி.ஜலீல் கேரள உயர்கல்வித்துறை அமைச்சர் பதவியை ராஜினாமா செய்த விவகாரம் அதிர்வலையை ஏற்படுத்தியிருக்கிறது.</p>",https://www.vikatan.com/government-and-politics/politics/kerala-educational-minister-resigns,https://gumlet.assettype.com/vikatan/2021-04/f73a5485-6fd1-4b2b-9c1f-d4fcb8471ece/FB_IMG_1618303220919.jpg,"Tue, 13 Apr 2021 11:43:24 +0000"
வேலூர்:`ரூ.6 லட்சம் பணத்துக்கு ஆசை!’ - தொழிலாளி கொலையில் சிக்கிய மைத்துனர்,"<p>வேலூர், கஸ்பா ஃபையர்லைன் பகுதியைச் சேர்ந்தவர் ராஜன். இவருக்கு வயது 34. கூலித் தொழில் செய்துவந்த ராஜன், கடந்த வாரம் திடீரென மாயமானார். குடும்பத்தினர் அவரைத் தேடிவந்த நிலையில், கடந்த 10-ம் தேதி சித்தேரி ரயில்வே கேட்டுக்கு அருகேயுள்ள விவசாயக் கிணற்றிலிருந்து அழுகிய நிலையில் சடலமாகக் கண்டெடுக்கப்பட்டார். சடலத்தின் கை கால்கள் கட்டப்பட்டிருந்ததால், கொலையெனத் தெரியவந்தது. அரியூர் போலீஸார் உடலை மீட்டு பிரேத பரிசோதனைக்காக வேலூர் அரசு மருத்துவமனைக்கு அனுப்பிவைத்தனர். மேலும், வழக்கு பதிந்து விசாரணையைத் தீவிரப்படுத்தியபோது, ராஜன் கொலைக்கான திடுக்கிடும் தகவல்கள் வெளிவந்தன.</p><figure><img src=""https://gumlet.assettype.com/vikatan/2021-04/412d8812-b1eb-4e03-8cb5-378c4f4735a7/WhatsApp_Image_2021_04_13_at_9_46_52_AM.jpeg"" /><figcaption>கொலை செய்யப்பட்ட ராஜன்</figcaption></figure><p>ராஜனை அவரின் தங்கை கணவர் குமார் என்பவரே தீர்த்துகட்டியிருப்பது தெரியவந்தது. குமார் நேற்று மாலை கைதுசெய்யப்பட்டார். இந்தச் சம்பவம் குறித்து போலீஸ் தரப்பில் கூறியதாவது, ‘``கொலை செய்யப்பட்ட ராஜனின் தாய் லட்சுமி துப்புரவுப் பணியாளராக வேலூர் மாநகராட்சியில் வேலை செய்துவந்தார். கடந்த இரண்டு ஆண்டுகளுக்கு முன்பு தாய் இறந்துவிட அவருக்கான பணப்பலன் 6 லட்சம் ரூபாய் வர வேண்டியிருந்தது. அந்தப் பணத்தை பெறுவதில் ராஜனுக்கும், அவரின் தங்கை உஷாவுக்கும் தகராறு ஏற்பட்டிருக்கிறது.</p><p>மாமியார் லட்சுமி பணியின்போது, மரணமடைந்திருப்பதால் அந்த வேலையை வாரிசு அடிப்படையில் தன் மனைவிக்குப் பெற்றுத்தர குமார் நினைத்திருக்கிறார். இதற்கும் ராஜன் இடையூறாக இருந்திருக்கிறார். இது தொடர்பான விரோதம் முற்றியநிலையில், ராஜனைக் கொலை செய்யத் திட்டமிட்டிருக்கிறார் தங்கையின் கணவர் குமார். திட்டமிட்டபடி, கடந்த 7-ம் தேதி ராஜனைப் பென்னாத்தூருக்கு அழைத்துச் சென்ற குமார் அங்கு மது வாங்கிக்கொண்டு சித்தேரி அருகே அமர்ந்து ஊற்றிக் கொடுத்திருக்கிறார்.</p><figure><img src=""https://gumlet.assettype.com/vikatan/2021-04/e18b4fd2-8946-4367-87c0-0412ee870dca/WhatsApp_Image_2021_04_13_at_9_46_52_AM__1_.jpeg"" /><figcaption>கைதுசெய்யப்பட்ட குமார்</figcaption></figure><p>அளவுக்கு அதிகமாக மது குடித்த ராஜன், தடுமாற ஆரம்பித்தார். இதுதான் சரியான நேரம் என்று முடிவெடுத்த மைத்துனர் குமார், ராஜனின் கைகால்களைக் கயிற்றால் கட்டி தரதரவென இழுத்துச் சென்று அருகிலிருந்த கிணற்றுக்குள் வீசியதாகக் கூறப்படுகிறது. `<a href=""https://www.vikatan.com/news/tamilnadu"">தொல்லை ஒழிந்துவிட்டது’ என்று நிம்மதிப் பெருமூச்சுவிட்ட குமார், மாமியாரின் பணப்பலனும் கிடைத்துவிடும். வாரிசு அடிப்படையில் மனைவிக்கு வேலையையும் வாங்கிவிடலாம் என்று பதற்றமே இல்லாமல் சுற்றித் திரிந்தபோது, வசமாக சிக்கிக்கொண்டார்</a> என்று விவரிக்கிறது காவல்துறை. ராஜா கொலையில் அவரின் தங்கைக்கும் தொடர்பிருக்கிறதா என்ற கோணத்திலும் போலீஸார் விசாரணை மேற்கொண்டுவருகிறார்கள்.</p>",https://www.vikatan.com/news/crime/in-worker-mystery-death-case-relative-arrested,https://gumlet.assettype.com/vikatan/2021-04/2e8e1e9b-12c2-42e3-98e3-e2a19fb7b988/WhatsApp_Image_2021_04_13_at_9_46_52_AM__1_.jpeg,"Tue, 13 Apr 2021 10:21:38 +0000"
வேளச்சேரியில் பைக்கில் வாக்கு இயந்திரங்கள்.. ஒரு வாக்குச்சாவடியில் மறுதேர்தல்.. தேர்தல் ஆணையம் அதிரடி.!,"சென்னையில் வேளச்சேரி தொகுதிக்குட்பட்ட தரமணி 100அடி சாலையில் தேர்தல் தினத்தன்று இருசக்கர வாகனத்தில் சிலர் வாக்குப்பதிவு இயந்திரங்களை எடுத்துச் சென்றனர். இதைக் கண்ட திமுகவினர், பொதுமக்கள் உதவியுடன் அவர்களை மடக்கிப்பிடித்தனர். இதனையடுத்து காவல்நிலையத்திற்கு தகவல் அளிக்கப்பட்டது. இந்தச் சம்பவம் பெரும் பரபரப்பை ஏற்படுத்திய நிலையில், இச்சம்பவத்துக்கு எதிராக காங்கிரஸ் வேட்பாளர் ஹசன் மவுலானா மற்றும் திமுக கூட்டணிக் கட்சியினர் சாலை மறியலில் ஈடுபட்டனர்.&nbsp; இந்தச் சம்பவம் தொடர்பாக திமுக எம்.எல்.ஏ மா.சுப்பிரமணியன், மக்கள் நீதி மய்யம் கட்சி வேட்பாளர் சரத்பாபு உள்ளிட்டவர்கள் தேர்தல் அதிகாரி சத்யபிரதா சாஹூவை சந்தித்து புகார் அளித்தனர். இதனையடுத்து இந்தச் சம்ப்வம் தொடர்பாக விசாரித்த தேர்தல் ஆணையம், அஜாக்கிரதையாக மாநகராட்சி ஊழியர்கள் வாக்கு இயந்திரங்களை எடுத்துச் சென்றதாகவும், அந்த வாக்கு இயந்திரத்தில் 15 வாக்குகள் பதிவாகியிருந்ததாகவும் தேர்தல் அதிகாரி சாஹூ தெரிவித்திருந்தார். இந்தச் சம்பவம் தொடர்பாக தலைமை தேர்தல் ஆணையத்துக்கும் மாநில தேர்தல் அதிகாரி அறிக்கை அனுப்பினார். இந்நிலையில் வேளச்சேரி தொகுதியில் வாக்குச்சாவடி எண் 92-ல் ஏப்ரல் 17 அன்று மறு வாக்குப்பதிவு நடைபெறும் என்று தேர்தல் ஆணையம் அதிரடியாக அறிவித்துள்ளது. ஏப்ரல் 17 காலை 7 மணி முதல் மாலை 7 மணி வரை இந்த வாக்குப்பதிவு நடக்கும் என்றும் தெரிவிக்கப்பட்டுள்ளது.",https://tamil.asianetnews.com/politics/ballot-voting-machines-in-velachery-re-election-at-a-polling-station-election-commission-action--qrifi4,https://static.asianetnews.com/images/01f2qzkhpsfvxjk4a4d7d45a24/1-jpeg_760x400.jpg,"Tue, 13 Apr 2021 09:38:29 +0530"
சுப்புலட்சுமி ஜெகதீசனுக்கு சபாநாயகர் பதவி... ஓவர் ஸ்பீடில் திமுகவில் திகுதிகு காட்சி..!,"தமிழகத்தில் கடந்த 6-ஆம் தேதி சட்டப்பேரவைத் தேர்தல் நடந்தது. தேர்தலில் 72.78 சதவீத வாக்குகள் பதிவாயின. வாக்குப்பதிவு எண்ணிக்கை மே 2ஆம் தேதி நடைபெற உள்ளது. தேர்தலில் எந்தக் கட்சி வெற்றி பெறும் என்பது அறிய காத்திருக்க வேண்டிய சூழல் ஏற்பட்டுள்ளதால், முடிவை அறிய அதுவரை அரசியல் கட்சிகள் பொருத்திருக்க வேண்டிய நிலை உள்ளது. ஆனால், தேர்தலுக்கு முன்பு வெளியான கருத்துக்கணிப்புகளில் எல்லாம் திமுக ஆட்சியைக் கைபற்றும் என்று தெரிவித்தன. திமுகவுக்காகப் பணியாற்றிய ஐ-பேக் அமைப்பும் திமுகவே ஆட்சியைப் பிடிக்கும் என்று திமுக தலைமையிடம் ரிப்போர்ட் வழங்கியுள்ளது. எனவே, தேர்தலில் எப்படியும் 180-க்கும் அதிகமான தொகுதிகளில் வெல்வோம் என்ற நம்பிக்கையில் திமுக உள்ளது. அதற்கும் ஒரு படி மேலே சென்று, திமுக ஆட்சியில் அமைச்சர்கள் யார், துறை செயலாளர்கள் யார் என்றெல்லாம் ஆலோசனைகள் நடைபெற்றுவருவதாகத் தகவல்கள் பரபரக்கின்றன. அந்த வகையில் திமுக ஆட்சி அமைந்தால், சபாநாயகராக யாரை நியமிக்கலாம் என்பது குறித்து திமுக தலைமை ஆலோசனை நடத்தியதாகவும், மொடக்குறிச்சி தொகுதியில் போட்டியிட்ட திமுக துணைப் பொதுச்செயலாளர் சுப்புலட்சுமி ஜெகதீசன் அந்தப் பொறுப்புக்கு நியமிக்கப்படுவார் என்றும் திமுகவில் பேச்சுகள் தீவிரமாக பேசப்படுகின்றன. மொடக்குறிச்சி தொகுதியில் சுப்புலட்சுமி ஜெகதீசனை எதிர்த்து பாஜக களமிறங்கியது. மிகவும் சீனியரான சுப்புலட்சுமி, இந்தத் தொகுதியில் சுலபமாக வெல்வார் என்று திமுக நம்புகிறது. எனவே, சுப்புலட்சுமி ஜெகதீசன் தமிழகத்தின் முதல் சபாநாயகராவார் என்று அவருடைய ஆதரவாளர்கள் உறுதிப்பட கூறுகிறார்கள். எது எப்படி இருந்தாலும், மே 2-க்குப் பிறகு இதற்கு விடை கிடைத்துவிடப் போகிறது..!&nbsp; &nbsp;",https://tamil.asianetnews.com/politics/subbulakshmi-jagadeesan-to-be-the-speaker-of-the-tn-assembly-house-scene-in-dmk--qrieft,https://static.asianetnews.com/images/01f35yeqphen3y66s6y7sd1rwt/subbulakshmi-and-stalin-jpg_760x400.jpg,"Tue, 13 Apr 2021 09:15:29 +0530"
"மு.க. ஸ்டாலின் ஆட்சியில் இதை நிலைநிறுத்துவோம்... மோடி, எடப்பாடி அரசுகளுக்கு வைகோ எச்சரிக்கை..!","இதுதொடர்பாக வைகோ வெளியிட்டுள்ள அறிக்கையில், “சென்னை சென்ட்ரல் ரயில் நிலையம், ரிப்பன் மாளிகை அருகே, நெடுஞ்சாலைத் துறையினர், கிராண்ட் வெஸ்டர்ன் டிரங்க் ரோடு என்று பெயர் பொறித்த பலகையை புதிதாக நாட்டி இருக்கிறார்கள். 1979ஆம் ஆண்டு, பெரியார் நூற்றாண்டு விழாவையொட்டி, ஓராண்டு தொடர் விழாவாக எம்ஜிஆர். தலைமையில் அ.தி.மு.க. அரசு கொண்டாடியது. அப்போது, பூவிருந்தவல்லி நெடுஞ்சாலை என்ற பெயரை ‘பெரியார் ஈ.வெ.ரா. நெடுஞ்சாலை’ என்று மாற்ற, மக்கள் விடுத்த வேண்டுகோளை ஏற்று, முதல்வர் எம்.ஜி.ஆர், அவ்வாறு பெயர் மாற்றம் செய்து அரசு ஆணை பிறப்பித்தார். ஆனால், எம்ஜிஆர் பெயரைச் சொல்லிக்கொண்டு ஆட்சி நடத்துகிற எடப்பாடி பழனிசாமி அரசு, நெடுஞ்சாலைத் துறை இணைய தளத்தில், தந்தை பெரியார் பெயரை நீக்கிவிட்டு ‘கிராண்ட் வெஸ்டன் டிரங்க் ரோடு’ என்று பெயர் மாற்றம் செய்து இருக்கிறது. ஆர்எஸ்எஸ் சங் பரிவார் வகுத்த வியூகத்தின்படி, டெல்லி எஜமான் மோடி பிறப்பித்த ஆணையை, அடிமை எடப்பாடி நிறைவேற்றி இருக்கிறார். தமிழ்நாட்டின் தன்மானத்தை அடகு வைத்துவிட்டார். ஏற்கனவே, சென்னை விமான நிலையத்திலிருந்து, காமராஜர் அண்ணா பெயரை நீக்கியதையும் அடிமை எடப்பாடி அரசு கண்டுகொள்ளவில்லை. அதன் விளைவாக, இப்போது இந்த மாற்றம் நடந்திருக்கிறது. தமிழக முதல்வர் மட்டுமின்றி நெடுஞ்சாலைத் துறைக்கும் பொறுப்பு வகிக்கிற எடப்பாடிக்கு, சூடு சொரணை இருந்தால், தன் பெயரைக் காப்பாற்றிக் கொள்ள, இந்தப் பெயர் மாற்றத்தை உடனே நீக்க வேண்டும். ‘பெரியார் ஈ.வெ.ரா. நெடுஞ்சாலை’ என்ற பெயர் தொடர வேண்டும். தவறினால், மே மாதம் பொறுப்பேற்கிற திமுக ஆட்சி பெரியாரின் பெயரை மீண்டும் நிலைநிறுத்தும்.” என்று வைகோ அறிக்கையில் தெரிவித்துள்ளார். &nbsp;",https://tamil.asianetnews.com/politics/we-will-do-this-under-stalin-s-rule-vaiko-warns-modi-and-edappadi-governments--qrid6h,https://static.asianetnews.com/images/01dte8vsd48h3j359dzjdmnzaw/vaiko212-1549691950-jpg_760x400.jpg,"Tue, 13 Apr 2021 08:48:19 +0530"
அக்கவுண்ட்ல பணம் இல்லாமலேயே ரூ.3 லட்சம் வரை எடுக்கலாம்!!,"<img src=""https://tamil.samayam.com/photo/82032098/photo-82032098.jpg"" /><div class=""section1""><div class=""Normal""> வாங்கும் நபர்களுக்காக சிறப்பு சம்பளக் கணக்குத் திட்டத்தை  அறிமுகம் செய்துள்ளது. இத்திட்டத்தின் கீழ் ஜீரோ பேலன்ஸ் வங்கிக் கணக்கு திறக்கலாம். மத்திய / மாநில அரசு ஊழியர்கள், பொதுத் துறை நிறுவனங்களில் பணியாற்றும் ஊழியர்கள், பன்னாட்டு நிறுவன ஊழியர்கள், அரசு சார்ந்த நிறுவன ஊழியர்கள், மிகவும் புகழ்பெற்ற நிறுவனங்களில் பணியாற்றும் ஊழியர்கள், புகழ்பெற்ற கல்வி நிறுவனங்களில் பணியாற்றும் ஊழியர்கள் இத்திட்டத்தின் கீழ் கணக்கு தொடங்கி பயன் பெறலாம்.

பஞ்சாப் நேஷனல் பேங்க் மை சேலரி அக்கவுண்ட் நான்கு பிரிவுகளாகப் பிரிக்கப்பட்டுள்ளது. சில்வர், கோல்டு, பிரீமியம் மற்றும் பிளாட்டினம். இந்த நான்கு பிரிவுகளிலும் சம்பளம் மற்றும் வாடிக்கையாளரைப் பொறுத்து  வசதி கிடைக்கும்.


<strong>சில்வர்</strong>: ரூ.10,000 முதல் ரூ.25,000 வரை சம்பளம்

<strong>கோல்டு</strong>: ரூ.25,001 முதல் ரூ.75 வரை சம்பளம்

<strong>பிரீமியம்</strong>: ரூ.75,001 முதல் ரூ.1,50,000 வரை சம்பளம்

<strong>பிளாட்டினம்</strong>: ரூ.1,50,001க்கு மேல் சம்பளம்

பஞ்சாப் நேஷனல் வங்கியின்  அக்கவுண்ட் வாடிக்கையாளர்கள் தங்களது கடைசி இரண்டு மாத சம்பளத் தொகையை ஓவர் டிராஃப்ட் வசதியின் கீழ் எடுக்கலாம். அந்தப் பணத்தை அடுத்த ஆறு மாதங்களுக்கு வட்டியுடன் திருப்பிச் செலுத்த வேண்டும். அதன் பின்னர் மீண்டும் அவர்கள் ஓவர் டிராஃப்ட் வசதியைப் பெறமுடியும்.

 

சில்வர் சம்பளக் கணக்கு வாடிக்கையாளர்கள் ரூ.50,000 வரையிலும், கோல்டு சம்பளக் கணக்கு வாடிக்கையாளர்கள் ரூ.1,50,000 வரையிலும், பிரீமியம் சம்பளக் கணக்கு வாடிக்கையாளர்கள் ரூ.2,25,000 வரையிலும், பிளாட்டினம் சம்பளக் கணக்கு வாடிக்கையாளர்கள்  வரையில் எடுக்கலாம்.

இதுமட்டுமல்லாமல், மேற்கூறிய அனைத்து பிரிவு வாடிக்கையாளர்களுக்கும் ரூ.20 லட்சம் வரையில் விபத்து காப்பீடும் வழங்கப்படுகிறது. 

</div></div>",https://tamil.samayam.com/business/business-news/get-up-to-3-lakh-overdraft-facility-on-pnb-account/articleshow/82032098.cms,['https://tamil.samayam.com/photo/82032098/photo-82032098.jpg'],"Tue 13 Apr 2021, 16:38:58"
ரேஷன் அட்டைதாரர்களுக்கு அதிர்ச்சி செய்தி: தமிழக அரசு உத்தரவு!,"<img src=""https://tamil.samayam.com/photo/82049200/photo-82049200.jpg"" /><div class=""section1""><div class=""Normal"">தமிழகத்தை பொறுத்தவரை தற்போது 2 கோடிக்கும் அதிகமான ரேஷன் கார்டுகள் உள்ள நிலையில், 35,233 நியாயவிலைக் கடைகள் செயல்பட்டு வருகின்றன. இதில், ரேஷன் கார்டுகள் மூலம் அரிசி இலவசமாகவும், சர்க்கரை, , பருப்பு வகைகள், பாமாயில் உள்ளிட்ட பொருட்கள் மலிவு விலையிலும் வழங்கப்படுகின்றன. மத்திய, மாநில அரசுகளின் மாணியம் காரணமாக இந்த பொருட்கள் மலிவு விலையில் வழங்கப்பட்டு வருகின்றன.

இதில் மண்ணெண்ணெய்யை பொறுத்தவரை,  தாரர்கள் வசிப்பிடம் மற்றும் அவர்கள் பெற்றுள்ள சமையல் காஸ் சிலிண்டர் எண்ணிக்கை அடிப்படையில் வழங்கப்பட்டு வருகின்றன. மத்திய அரசால் மாநிலத்திற்கு வழங்கப்படும் மண்ணெண்ணெய் ஒதுக்கீடு அளவின் படி அனைத்து மாவட்டத்திற்கும் மண்ணெண்ணெய் ஒதுக்கீடு வழங்கப்பட்டு வருகிறது.

இந்த சூழலில், மத்திய அரசால் தமிழகத்திற்கு வழங்கப்படும் பொதுவிநியோகத் திட்டத்தில் மண்ணெண்ணெய் அளவு படிப்படியாக குறைக்கப்பட்டு வருகிறது. இதன் காரணமாக, ஏற்கனவே  ஒன்றுக்கு 2 லிட்டர் மண்ணெண்ணெய் வழங்கி வந்த நிலையில் மத்திய அரசு மண்ணெண்ணெய் அளவை குறைத்து வழங்கியதன் காரணமாக ரேஷன் கடைகளில் மண்ணெண்ணெய் அளவு குறைக்கப்பட்டது. கிராமப்புறங்களில் உள்ள குடும்ப அட்டைதாரர்கள் சிலர் ரேஷன் கடைகளில் மாதம்தோறும் அரை லிட்டர் மண்ணெண்ணெய்தான் பெற்று வருகின்றனர்.

இந்த நிலையில், மத்திய அரசு தற்போது மேலும் குறைத்து, மாநிலத்தின் தேவையில் அதாவது, ஒட்டுமொத்த தமிழகத்திற்கே 20 சதவீதம் மண்ணெண்ணெய் மட்டுமே ஒதுக்கீடு செய்துள்ளதாக உணவு பொருட்கள் வழங்கல் துறை அறிவித்துள்ளது. இதனைத் தொடர்ந்து, ரேஷன் கார்டுகளுக்கான மண்ணெண்ணெய் அளவு குறித்து விளம்பரப்படுத்த வேண்டும் என உணவு பொருள் வழங்கல் துறைக்கு தமிழக அரசு உத்தரவிட்டுள்ளது. மண்ணெண்ணெய் வழங்கல் அளவு குறித்து குடும்ப அட்டைதாரர்களிடம் இருந்து புகார்கள் பெறப்படுவதை தவிர்க்கும் பொருட்டு இந்த நடவடிக்கை எடுக்கப்பட்டுள்ளது.

 

இதுகுறித்து உணவு பொருட்கள் வழங்கல் மற்றும் நுகர்வோர் பாதுகாப்புத்துறை சார்பில் அனுப்பப்பட்டுள்ள சுற்றறிக்கையில், &ldquo;மாவட்ட ஒதுக்கீட்டின் அடிப்படையில் மண்ணெண்ணெய் பெற தகுதியான குடும்ப அட்டைதாரர்களுக்கு மண்ணெண்ணெய் வழங்கல் அளவு குறித்து அனைத்து நியாயவிலை கடைகள் மற்றும் மண்ணெண்ணெய் வழங்கும் நிலையங்களிலும் குடும்ப அட்டைதாரர்கள் அறியும் வண்ணம் விளம்பரம் செய்ய வேண்டும்&rdquo; என்று கூறப்பட்டுள்ளது.

</div></div>",https://tamil.samayam.com/latest-news/state-news/tn-govt-ordered-to-advertised-the-amount-of-kerosene-for-ration-cards/articleshow/82049200.cms,['https://tamil.samayam.com/photo/82049200/photo-82049200.jpg'],"Tue 13 Apr 2021, 16:21:03"
இன்று(ஞாயிற்றுக்கிழமை) சபரிமலை நடைத்திறப்பு,"<p style=""text-align: justify;"">கேரளத்தில் உள்ள சபரிமலையின் நடை இன்று(ஞாயிற்றுக்கிழமை) மாலை 5 மணிக்கு திறக்கப்படவுள்ளது.</p>

<p style=""text-align: justify;"">சபரிமலையில் உள்ள ஐயப்பன் சுவாமியின் நடை, பக்தர்கர்களின் தரிசனத்திற்காக ஆண்டுதோறும் நவம்பர், டிசம்பர் மற்றும் ஜனவரி ஆகிய 3 மாதங்கள் திறக்கப்படும். இதையடுத்து இந்த ஆண்டு நவம்பர் 15 ஆம் தேதி மாலை 5 மணிக்கு திறக்கப்படுகிறது. மேலும் நவம்பர் 16ஆம் தேதி முதல் சுவாமி தரிசனத்திற்கு பக்தர்கள் அனுமதிக்கப்படுவார்கள். </p>

<p style=""text-align: justify;"">கரோனா காரணமாக நாடு முழுவதும் பல்வேறு நெறிமுறைகள் விதிக்கப்பட்டுள்ளது. இதையடுத்து சபரிமலைக்கு வரும் பக்தர்களுக்கு பல்வேறு நெறிமுறைகளை அம்மாநில அரசு விதித்துள்ளது.</p>

<p style=""text-align: justify;"">கேரள மாநில அரசு வெளியிட்டுள்ள நெறிமுறையில் கூறியதாவது:</p>

<p style=""text-align: justify;"">சபரிமலை செல்லும் பக்தா்கள் முதலில் இணையதளத்தில் பதிவு செய்ய வேண்டும். திங்கள்கிழமை முதல் வெள்ளிக்கிழமை வரை தினமும் 1,000 பக்தா்கள் மட்டுமே கோயிலுக்குள் அனுமதிக்கப்படுவா். சனிக்கிழமை, ஞாயிற்றுக்கிழமைகளில் 2,000 பக்தா்கள் அனுமதிக்கப்படுவா். இணையதளத்தில் முதலில் பதிவு செய்யும் பக்தா்கள் முன்னுரிமை அடிப்படையில் அனுமதிக்கப்படுவா்.</p>

<p style=""text-align: justify;"">சபரிமலை செல்லும் பக்தா்கள் அனைவரும் தரிசனத்துக்கு 48 மணி நேரத்திற்கு முன்பாக எடுக்கப்பட்ட பரிசோதனையில் கரோனா தொற்று இல்லை என்பதற்கான பரிசோதனை சான்று வைத்திருக்க வேண்டும். 10 வயதுக்கு கீழ் உள்ளவா்கள், 60 வயதுக்கு மேல் உள்ளவா்களுக்கு அனுமதி கிடையாது. சா்க்கரை நோய் போன்ற இணை வியாதிகள் உள்ளோா் யாத்திரை செல்வதற்கு கண்டிப்பாக தடை செய்யப்படும்.</p>

<p style=""text-align: justify;"">அரசு காப்பீடு அட்டை பெற்றுள்ள பக்தா்கள் சபரிமலை பயணத்தின்போது தங்களுக்கான காப்பீடு அட்டையை வைத்திருக்க வேண்டும். பக்தா்கள் நெய் அபிஷேகம் செய்வது, பம்பை ஆற்றில் குளிப்பது, சுவாமி சன்னிதானம், பம்பா கணபதி கோயில் ஆகியவற்றில் இரவில் தங்குவதற்கு அனுமதி இல்லை. பக்தா்கள் சபரிமலை செல்வதற்கு எருமேலி, வடசேரிக்கரா ஆகிய இரு வழித்தடங்களின் மூலம் மட்டுமே அனுமதிக்கப்படுவா்.</p>

<p style=""text-align: justify;"">பக்தா்கள் அனைவரும் முன்னெச்சரிக்கையாக யாத்திரன்போது அடிக்கடி கை கழுவுதல், சமூக இடைவெளியை கடைப்பிடித்தல், மற்றும் முகா் கவசம் அணிதல் போன்றவற்றை தவறாமல் கடைப்பிடிக்க வேண்டும். பக்தா்கள் தங்கள் கைகளில் சுத்திகரிப்பான் வைத்துக் கொள்ள வேண்டும். சமீபத்தில் கரோனா தொற்றால் பாதிக்கப்பட்டவா்கள், காய்ச்சல், இருமல், மூச்சுத் திணறல், வாசனைஅறிய இயலாமை, சோா்வான உணா்வு ஆகிய அறிகுறி உள்ளவா்கள் யாத்திரைக்கு வர அனுமதியில்லை.</p>

<p style=""text-align: justify;"">நடப்பு ஆண்டிலும் சபரிமலை யாத்திரை மேற்கொள்ளும் தமிழக பக்தா்களுக்கு உதவுவதற்காக சென்னை-34, இந்து சமய அறநிலையத்துறை, ஆணையா் அலுவலகத்தில் 24 மணி நேரமும் இயங்கக்கூடிய வகையில் தகவல் மையம் ஒன்று அமைக்கப்பட்டுள்ளது.</p>

<p style=""text-align: justify;"">இத்தகவல் மையச் சேவையை 15.11.2020 முதல் 20.01.2021 வரை கட்டணமில்லா தொலைபேசி சேவையாக 1800-425-1757 என்ற எண்ணில் அழைத்து பக்தா்கள் பயன்படுத்திக் கொள்ளலாம்.</p><p><a target='_BLANK' href='https://epaper.dinamani.com/'> 'தினமணி' இணையப் பதிப்பு - சந்தா செலுத்த: epaper.dinamani.com<br>Dinamani",https://www.dinamani.com/latest-news/mukkiya-seithigal/2020/nov/15/sabarimala-opens-today-3504623.html,['https://images.dinamani.com/uploads/user/imagelibrary/2020/3/10/w600X390/Sabarimalai.jpg'],"Sunday, November 15, 2020 07:19 AM +0530"
சென்னையில் திரளத் தொடங்கிய ரஜினி ரசிகர்கள்: கட்சி தொடங்க வலியுறுத்தி இன்று ஆா்ப்பாட்டம்,"<p>சென்னை: அரசியல் கட்சி தொடங்க நடிகா் ரஜினிகாந்தை வலியுறுத்தி, அவரது ரசிகா்கள் சனிக்கிழமை நள்ளிரவு முதல் சென்னை வள்ளுவர் கோட்டத்தில் திரண்டு வருகின்றனர்.</p>

<p style=""text-align: justify;"">இது போன்ற ஆா்ப்பாட்டங்களில் ஈடுபட்டால் கடும் நடவடிக்கை எடுக்கப்படும் என ரஜினி மக்கள் மன்ற தலைமை நிா்வாகி விடுத்துள்ள எச்சரிக்கையைப் பொருட்படுத்தாமல் தமிழகம் முழுவதும் இருந்து ஏராளமான ரசிகா்கள் பேருந்து, வேன் உள்ளிட்ட வாகனங்களில் சென்னைக்கு புறப்பட்டுள்ளனா்.</p>

<p style=""text-align: justify;"">இந்த ஆர்ப்பாட்டத்திற்காக சென்னை காவல்துறையினரிடம்  பெறப்பட்ட  அனுமதியின்படி, சென்னை வள்ளுவர் கோட்டம் அருகே ஞாயிற்றுக்கிழமை காலை 11 மணிமுதல் 12 மணிக்குள் ஆர்ப்பாட்டம் நடத்தி முடிக்க வேண்டுமென்றும், ஆர்ப்பாட்டத்தில் அதிகபட்சமாக 200 பேர் மட்டுமே கலந்து கொள்ள வேண்டும் எனவும் தெரிவிக்கப்பட்டுள்ளது.</p>

<p style=""text-align:center""><img alt="""" height=""300"" src=""https://images.dinamani.com/uploads/user/ckeditor_images/article/2021/1/10/vk21.JPG"" width=""450"" /></p>

<p style=""text-align: justify;"">பல்வேறு மாவட்டங்களில் இருந்து ஆர்ப்பாட்டத்திற்கு வரும் நூற்றுக்கணக்கான வாகனங்களை நிறுத்துவதற்காக நுங்கம்பாக்கம் மாநகராட்சிப் பள்ளி வளாகம், அரசினர் உயர்நிலைப் பள்ளி மற்றும் கடற்கரையில் ஏற்பாடுகள் செய்யப்பட்டுள்ளது.</p>

<p style=""text-align: justify;"">ரஜினிகாந்த் ஜனவரியில் அரசியல் கட்சி தொடங்கப் போவதாக அறிவித்து, அதற்கான பணிகளில் ஈடுபட்டு வந்தாா். பூத் கமிட்டி நிா்வாகிகளை நியமிப்பது உள்பட அனைத்துப் பணிகளும் முடிவடைய இருந்த நிலையில் ஹைதராபாதில் நடைபெற்ற ‘அண்ணாத்த’ படப்பிடிப்பின்போது அவரது உடல் நலம் பாதிக்கப்பட்டது. ரத்த அழுத்த மாறுபாடு காரணமாக மருத்துவமனையில் அனுமதிக்கப்பட்டாா். அப்போது மருத்துவா்கள் கரோனா பாதிக்கும் சூழலில் செயல்படக்கூடாது, மன அழுத்தம் அதிகரிக்கும் செயல்களில் ஈடுபடக்கூடாது என்று ரஜினிக்கும் அறிவுறுத்தினா். அதைத் தொடா்ந்து ரஜினி அரசியலுக்கு வரவில்லை என்கிற முடிவை அறிவித்தாா்.</p>

<p style=""text-align:center""><img alt="""" height=""300"" src=""https://images.dinamani.com/uploads/user/ckeditor_images/article/2021/1/10/vk1.JPG"" width=""450"" /></p>

<p style=""text-align: justify;"">இந்த முடிவை ஏற்காமல் அவரது ரசிகா்கள் ஆா்ப்பாட்டம், மறியல் உள்ளிட்ட போராட்டங்களில் ஈடுபட்டு வந்தனா். ஆனால் போராட்டங்களில் ஈடுபடுவோா் மீது கடும் நடவடிக்கை எடுக்கப்படும் என்று ரஜினி மக்கள் மன்றத்தின் தலைமை நிா்வாகிகள் கடும் எச்சரிக்கை விடுத்தனா்.</p>

<p style=""text-align: justify;"">ரஜினியின் விருப்பத்துக்கு மாறாக யாரும் ஆா்ப்பாட்டத்தில் ஈடுபடக்கூடாது. ரஜினியின் முடிவுக்குக் கட்டுப்பட வேண்டும் என்று மக்கள் மன்றத்தின் மாநில நிா்வாகி சுதாகா் அறிக்கை வெளியிட்டாா். இந்த எச்சரிக்கையைப் பொருட்படுத்தாமல் ரசிகா்கள் ஏராளமானோா் ஒன்று கூடி சென்னையில் ஞாயிற்றுக்கிழமை பெரிய அளவில் ஆா்ப்பாட்டம் நடத்த முடிவு செய்தனா். வள்ளுவா் கோட்டம் அருகில் ஞாயிற்றுக்கிழமை ஆா்ப்பாட்டம் நடத்த உள்ளனா். ஆா்ப்பாட்டம் நடத்துவதற்கு காவல்துறையும் அனுமதி கொடுத்துள்ளது.</p>

<p style=""text-align: justify;"">இந்த ஆர்ப்பாட்டம் குறித்து வள்ளுவர் கோட்டத்தில் திரண்டிருந்த ரசிகர்களில் ஒருவர் கூறியதாவது,</p>

<p style=""text-align: justify;"">ரஜினி ஆன்மிக அரசியலுக்கு வரவேண்டும் என்பதற்காக இந்த ஆர்ப்பாட்டத்தை நடத்தவுள்ளோம். மேலும், கரோனா முன்னெச்சரிக்கை நடவடிக்கையாக முகக்கவசம், கையுறை போன்றவற்றை அணிந்து பாதுகாப்பாக ஆர்ப்பாட்டத்தில் ஈடுபடுவோம் எனத் தெரிவித்தார்.</p>

<p style=""text-align:center""><img alt="""" height=""300"" src=""https://images.dinamani.com/uploads/user/ckeditor_images/article/2021/1/10/vk3.JPG"" width=""450"" /></p>

<p style=""text-align: justify;"">திருச்சி: திருச்சி மாவட்டத்தில் ரஜினி தனது முடிவை மாற்ற வேண்டும் என வலியுறுத்தியும், அரசியலுக்கு வர வேண்டும் எனவும், தொண்டா்கள் தலைவரை அழைப்பது போன்று ஆங்காங்கே சுவரொட்டிகள் இடம் பெற்றுள்ளன. இதன் தொடா்ச்சியாக சுமாா் 1,000 போ் சென்னையில் நடைபெறும் ஆா்ப்பாட்டத்தில் பங்கேற்க திருச்சியில் இருந்து வேன்களில் புறப்பட்டு விட்டனா். மதுரையில் இருந்து ஏராளமான ரசிகர்கள் சென்னைக்கு வந்துள்ளனா்.</p>

<p style=""text-align: justify;"">கன்னியாகுமரி மாவட்ட ரஜினி ரசிகா் மன்ற சிறுபான்மைப் பிரிவு துணைச் செயலாளா் கலுங்கடி பி.கே.சதீஷ்பாபு தலைமையில் ரசிகா் மன்றத்தினா் 200க்கும் மேற்பட்டோா் ஆா்ப்பாட்டத்தில் பங்கேற்க சென்னைக்கு வந்துள்ளனா். தென்காசி மாவட்டத்திலிருந்து 50க்கும் மேற்பட்டோா் புறப்பட்டுவிட்டனா்.</p>

<p style=""text-align: justify;"">விழுப்புரம்: ரஜினி ரசிகா்கள் பெயரில் சென்னையில் நடைபெறும் போராட்டத்தில் பங்கேற்கக் கூடாது என மன்றத் தலைமை எங்களிடம் தெரிவித்தது. இதனால், முக்கிய நிா்வாகிகள் யாரும் இந்தப் போராட்டத்தில் பங்கேற்கவில்லை. இருப்பினும், மாவட்ட பகுதிகளிலிருந்து ரசிகா்கள் தாங்களாக சென்னைக்கு புறப்பட்டுச் செல்கின்றனா் என்று விழுப்புரம் மாவட்ட ரஜினி மக்கள் மன்றச் செயலா் எத்திராஜ் தெரிவித்தாா்.</p>

<p style=""text-align: justify;"">கோவை: சென்னையில் ஆா்ப்பாட்டத்தில் ஈடுபடுவதற்காக கோவை, திருப்பூா், ஈரோடு, நீலகிரி மாவட்டங்களில் இருந்து ஆயிரக்கணக்கான ரசிகா்கள் சென்னை சென்றிருப்பதாக தகவல்கள் வெளியாகியுள்ளன. திருப்பூா் மாவட்டத்திலிருந்து ஆயிரத்துக்கும் மேற்பட்ட ரசிகா்கள் சென்னைக்கு சென்றிருப்பதாக மன்றத்தின் திருப்பூா் மாநகர செயலாளா் சதீஷ் தெரிவித்தாா்.</p>

<p style=""text-align: justify;"">ஈரோடு, நீலகிரி மாவட்டங்களிலிருந்தும் ரஜினி ரசிகா்கள் பலா் சென்னைக்கு தாமாகவே சென்றுள்ளதாக ரஜினி ரசிகா் மன்ற நிா்வாகிகள் உறுதிப்படுத்தியுள்ளனா்.</p><p><a target='_BLANK' href='https://epaper.dinamani.com/'> 'தினமணி' இணையப் பதிப்பு - சந்தா செலுத்த: epaper.dinamani.com<br>Dinamani",https://www.dinamani.com/latest-news/mukkiya-seithigal/2021/jan/10/rajini-fans-protest-in-chennai-3541296.html,"['https://images.dinamani.com/uploads/user/ckeditor_images/article/2021/1/10/vk21.JPG', 'https://images.dinamani.com/uploads/user/ckeditor_images/article/2021/1/10/vk1.JPG', 'https://images.dinamani.com/uploads/user/ckeditor_images/article/2021/1/10/vk3.JPG']","Sunday, January 10, 2021 05:18 AM +0530"
‘தொகுதிகளின் எண்ணிக்கையை விட லட்சியமே முக்கியம்’: இந்திய கம்யூ. முத்தரசன்,"<p>தொகுதிகளின் எண்ணிக்கையை விட லட்சியமே முக்கியமானது என திமுக உடனான தொகுதி பங்கீட்டுக்கு பின் இந்திய கம்யூனிஸ்ட் கட்சி மாநில செயலாளர் முத்தரசன் தெரிவித்தார்.</p>

<p style=""text-align: justify;"">தொடர் இழுபறிக்கு மத்தியில் வெள்ளிக்கிழமை திமுக கூட்டணியில் இந்திய கம்யூனிஸ்ட் கட்சிக்கு 6 தொகுதிகள் ஒதுக்கப்பட்டு ஒப்பந்தம் கையெழுத்தானது.</p>

<p style=""text-align: justify;"">திமுக - இந்திய கம்யூனிஸ்ட் இடையே கூட்டணி இழுபறி ஏற்பட்டு வந்த நிலையில், சென்னை அண்ணா அறிவாலயத்தில் இன்று நடைபெற்ற 3ஆம் கட்டப் பேச்சுவார்த்தையில் 6 தொகுதிகள் ஒதுக்கப்பட்டு ஒப்பந்தம் கையெழுத்தாகியுள்ளது.</p>

<p style=""text-align: justify;"">அதனைத் தொடர்ந்து செய்தியாளர்களை சந்தித்த இந்திய கம்யூனிஸ்ட் கட்சியின் மாநில செயலாளர் முத்தரசன், “திமுக உடனான தொகுதி பங்கீடு சுமூகமாக முடிவடைந்துள்ளது. தொகுதியா லட்சியமா என்றால் லட்சியத்திற்கு தான் முதலிடம் கொடுக்கப்படும்” என்றார். </p>

<p style=""text-align: justify;"">மேலும், இந்திய கம்யூனிஸ்ட் போட்டியிட விரும்பும் தொகுதிகள் குறித்த பட்டியல் திமுகவிடம் அளிக்கப்பட்டுள்ளதாக தகவல் வெளியாகியுள்ளது.</p><p><a target='_BLANK' href='https://epaper.dinamani.com/'> 'தினமணி' இணையப் பதிப்பு - சந்தா செலுத்த: epaper.dinamani.com<br>Dinamani",https://www.dinamani.com/latest-news/mukkiya-seithigal/2021/mar/05/ambition-is-more-important-than-volume-cbi-chief-3575099.html,['https://images.dinamani.com/uploads/user/imagelibrary/2021/3/5/w600X390/mutharasan.jpg'],"Friday, March 5, 2021 06:19 PM +0530"
மூத்த பத்திரிகையாளர் ஜி.என்.சீனிவாசன் காலமானார்,"<p><img src=""https://static.hindutamil.in/hindu/uploads/news/2021/04/14/large/658708.jpg"" /></p><p>மூத்த பத்திரிகையாளர் ஜி.என்.சீனிவாசன் காலமானார்.</p>

<p>மூத்த பத்திரிகையாளர் ஜி.என். சீனிவாசன், உடல்நலக் குறைவால் சென்னையில் திங்கள்கிழமை காலமானார். அவருக்கு வயது 100. &amp;lsquo;தி இந்து&amp;rsquo; நாளிதழில் 1953-ம் ஆண்டு பணியில் சேர்ந்த அவர், 30 ஆண்டுகள் பணியாற்றினார். அனைவராலும் ஜிஎன்எஸ் என அழைக்கப்பட்ட அவருக்கு, பத்திரிகை துறையில் 40 ஆண்டுகள் பணி அனுபவம் உண்டு என்பது குறிப்பிடத்தக்கது.</p>",https://www.hindutamil.in/news/tamilnadu/658708-gn-seenivasan.html?frm=rss_more_article,['https://static.hindutamil.in/hindu/uploads/news/2021/04/14/large/658708.jpg'],2021-04-14T03:30:32+00:00
தினமும் 1.63 லட்சம் பேருக்கு கரோனா தடுப்பூசி: 2 லட்சம் இலக்கை விரைவில் எட்ட சுகாதாரத் துறையினர் திட்டம்,"<p><img src=""https://static.hindutamil.in/hindu/uploads/news/2021/04/14/large/658709.jpg"" /></p><p>தமிழகத்தில் தற்போது தினமும் 1.63 லட்சம் பேருக்கு தடுப்பூசி போடப்படுகிறது. ஒருநாளைக்கு 2 லட்சம் பேருக்கு தடுப்பூசி என்ற இலக்கு விரைவில் எட்டப்படும் என்று சுகாதாரத் துறை அதிகாரிகள் தெரிவித்தனர்.</p>

<p>இந்தியாவில் கரோனா பரவலை தடுக்க மத்திய, மாநில அரசுகள் பல்வேறு நடவடிக்கைகளை எடுத்து வருகின்றன. அதன் ஒரு பகுதியாக, கோவேக்சின், கோவிஷீல்டு ஆகிய தடுப்பூசிகள் போடும் பணி கடந்த ஜனவரி 16-ம் தேதி தொடங்கப்பட்டது. முதல்கட்டமாக சுகாதாரம், காவல், உள்ளாட்சி உள்ளிட்ட பல்வேறு துறைகளின் முன்களப் பணியாளர்களுக்கும், அடுத்தகட்டமாக மார்ச் 1-ம் தேதி முதல் 60 வயதுக்கு மேற்பட்டவர்கள் மற்றும் 45 வயது முதல் 59 வயது வரையுள்ள, இணை நோய் பாதிப்பு உள்ளவர்களுக்கு தடுப்பூசி போடும் பணி தொடங்கப்பட்டது. இதை தொடர்ந்து, 45 வயதுக்கு மேற்பட்ட அனைவருக்கும் தடுப்பூசி போடும் பணி கடந்த 1-ம் தேதி தொடங்கியது.</p>",https://www.hindutamil.in/news/tamilnadu/658709-covid-vaccines.html?frm=rss_more_article,['https://static.hindutamil.in/hindu/uploads/news/2021/04/14/large/658709.jpg'],2021-04-14T03:30:32+00:00
அனைத்து சவால்களையும் எதிர்கொள்ள திமுக உரிய ஒத்துழைப்பு அளிக்கும்: புதிய தலைமை தேர்தல் ஆணையருக்கு டி.ஆர்.பாலு கடிதம்,"<p><img src=""https://static.hindutamil.in/hindu/uploads/news/2021/04/14/large/658706.jpg"" /></p><p>சவால்களை எதிர்கொள்ள தேர்தல் ஆணையத்துக்கு திமுக ஒத்துழைப்பு அளிக்கும் என்று அக்கட்சியின் பொருளாளர் டி.ஆர்.பாலு தெரிவித்துள்ளார்</p>

<p>புதிய தலைமை தேர்தல் ஆணையராகப் பொறுப்பேற்றுள்ள சுஷில் சந்திராவுக்கு அவர் நேற்று அனுப்பிய வாழ்த்து செய்தியில் கூறியிருப்பதாவது:</p>",https://www.hindutamil.in/news/tamilnadu/658706-tr-balu.html?frm=rss_more_article,['https://static.hindutamil.in/hindu/uploads/news/2021/04/14/large/658706.jpg'],2021-04-14T03:30:31+00:00
உயர்த்தப்பட்ட ராயல் என்ஃபீல்டு பைக்குகளின் விலை - எந்தெந்த பைக்குகள் தெரியுமா?,"<p><img src=""https://ptm-cms-images.sgp1.cdn.digitaloceanspaces.com/uploads/news-image/2021/04/13/800x400/114481.webp"" /></p><p><em><strong>ராயல் என்ஃபீல்டு பைக்குகளின் விலை அதிகரிக்கப்பட்டுள்ளது. இந்த விலையேற்றம் இந்த மாதம் முதல் அமலுக்கு வந்துள்ளது.&nbsp;</strong></em></p>
<p>350 சிசி கொண்ட ராயல் என்ஃபீல்டு பைக்குகளின் விலை கணிசமாக உயர்த்தப்பட்டுள்ளது. கடந்த ஜனவரி மாதம் ராயல் என்ஃபீல்டு நிறுவனம் தனது பைக்குளின் விலையில் 3,000 ரூபாயை உயர்த்தியது. அதனைத்தொடர்ந்து ஹிமாலயன் 650 சிசி அப்டேட் வெர்ஷன் பைக்குகளின் விலையும் அதிகரிக்கப்பட்ட நிலையில், தற்போது விலையேற்றம் கண்டுள்ள பைக்குகளின் விலை பட்டியலை பார்க்கலாம்.</p>
<p><img alt=""image"" src=""https://ptm-cms-images.sgp1.cdn.digitaloceanspaces.com/uploads/news-image/moreimages/1618323132823.jpeg"" /></p>
<p><strong>கிளாசிக் 350 (Dual-Channel ABS) - ரூ2,05,004</strong><br /><strong>புல்லட் - ரூ 1,61,385 </strong><br /><strong>புல்லட் 350 இ.எஸ் - ரூ1,77,342 </strong><br /><strong>மீடிஒர் 350 (பையர் பால்)- ரூ2,08,751</strong><br /><strong>மீடிஒர் 350 ( ஸ்டெல்லார்) - ரூ2,15,023</strong><br /><strong>மீடிஒர் 350 ( சூப்பர் நோவா) -ரூ 2,25,478</strong></p>
<p>புல்லட் 350 பைக்கின் விலை 7,000 முதல் 13,000 வரை உயர்த்தப்பட்டுள்ளது. கிளாசிக் 350 பைக்கின் விலை 10,000 வரை அதிகரிக்கப்பட்டுள்ளது. Meteor350 ரக பைக்கின் விலையில் 6,000 வரை அதிகரிக்கப்பட்டுள்ளது.</p>
<p><img alt=""image"" src=""https://ptm-cms-images.sgp1.cdn.digitaloceanspaces.com/uploads/news-image/moreimages/1618323149723.jpeg"" /></p>
<p>அதேபோல கடந்த பிப்ரவரி மாதம் புதிய நிறங்களில் வெளிவந்த Interceptor 650, Continental GT 650 பைக்குகளின் விலையும் 2,75,467 லிருந்து 313,367 ஆக உயர்ந்துள்ளது. கடந்த ஜனவரி மாதத்தில் அறிவிக்கப்பட்ட இந்த வாகனத்தின் விலையில் (வாகனங்களின் ரகங்களை பொறுத்து) 6,000 ரூபாய் வரை அதிகரிக்கப்பட்டுள்ளது.</p>
<p>அதேபோல 2021-ஆம் ஆண்டுக்கான ஹிமாலயன் அப்டேட் வெர்ஷன் கடந்த பிப்ரவரி மாதம் அறிமுகப்படுத்தப்பட்டது. இதன் விலை 2.01 லட்சத்தில் இருந்து தொடங்குகிறது.</p><p><a href=""http://puthiyathalaimurai.com/newsview/99098/Royal-Enfield-350-cc-Motorcycles-Get-A-Significant-Price-Hike.html"" style=""color: #FF4422;"" target=""_blank"">Source : WWW.PUTHIYATHALAIMURAI.COM</a></p>",http://puthiyathalaimurai.com/newsview/99098/Royal-Enfield-350-cc-Motorcycles-Get-A-Significant-Price-Hike.html,"['https://ptm-cms-images.sgp1.cdn.digitaloceanspaces.com/uploads/news-image/2021/04/13/800x400/114481.webp', 'https://ptm-cms-images.sgp1.cdn.digitaloceanspaces.com/uploads/news-image/moreimages/1618323132823.jpeg', 'https://ptm-cms-images.sgp1.cdn.digitaloceanspaces.com/uploads/news-image/moreimages/1618323149723.jpeg']",2021-04-13T20:41:43+00:00
இந்தியாவில் சாமானியர்களுக்கு 'சாத்தியமில்லாத' வெளிநாட்டு கொரோனா தடுப்பூசிகள்!,"<p><img src=""https://ptm-cms-images.sgp1.cdn.digitaloceanspaces.com/uploads/news-image/2021/04/13/800x400/114479.webp"" /></p><p>நோவாவாஸ், மாடனா, பைசர், மற்றும் ஜான்சன் &amp; ஜான்சன் உள்ளிட்ட கொரோனா தடுப்பூசிகள் விரைவில் இந்தியாவில் கிடைக்க வழிசெய்யும் புதிய விதிமுறைகளை விரைவில் அமல்படுத்த இந்திய அரசு முடிவு செய்துள்ளது. ஆனால், இந்த தடுப்பூசிகள் தற்போது கோவிஷீல்டு மற்றும் கோவாக்சின் போல குறைந்த விலையில் கிடைக்காது.</p>
<p>சமீபத்தில் இந்தியாவில் பயன்பாட்டுக்கு அனுமதி பெற்றுள்ள ரஷ்யா நாட்டு ஸ்புட்னிக்-வி மட்டுமின்றி நோவாவாஸ், மாடனா, பைசர்,<br />மற்றும் ஜான்சன் &amp; ஜான்சன் ஆகிய தடுப்பூசிகளின் விலை அதிகமாக இருக்கும் என மருத்துவத்துறையை சேர்ந்தவர்கள் தெரிவித்துள்ளனர்.</p>
<p>அரசின் தலையிடு காரணமாக, கோவிஷீல்டு மற்றும் கோவாக்சின் இலவசமாக அல்லது 250 ரூபாய்க்கு கிடைக்கின்றன. ஆனால் இறக்குமதி செய்யப்படும் தடுப்பூசிகளின் விலை பல மடங்கு அதிகமாக இருக்கும் என மருத்துவர்கள் மற்றும் மருந்து தயாரிப்புத் துறையை சார்ந்தவர்கள் தெரிவித்துள்ளனர்.</p>
<p>கோவிஷீல்டு உற்பத்தி செலவு அதிகம் என்றும், மத்திய அரசு கோரிக்கையை ஏற்று குறைந்த விலையில் தடுப்பூசியை விநியோகம் செய்வதாகவும் அந்த நிறுவனத்தை சேர்ந்தவர்கள் கூறுகின்றனர். சீரம் இன்ஸ்டிடியூட் ஆஃப் இந்தியா தயாரிக்கும் கோவிஷீல்டு மத்திய அரசுக்கு 170 ரூபாய்க்கு அளிக்கப்பட்டு, அதை பொதுமக்களுக்கு மத்திய அரசு விலையில்லாமல் அரசு தடுப்பூசி மையங்களில் வழங்கி வருகிறது. தனியார் தடுப்பூசி மையங்களில் 250 ரூபாய்க்கு அதிகமாக கட்டணம் வசூலிக்கக் கூடாது எனவும் மத்திய அரசு உத்தரவு பிறப்பித்துள்ளது.</p>
<p>இதுவரை 10.85 கோடி தடுப்பூசிகள் பொதுமக்களுக்கு கிடைத்துள்ள நிலையில், மேலும் விரைவாக இந்த நடவடிக்கை நாடு முழுவதும் நடைபெறவேண்டும் என மத்திய அரசு விரும்புகிறது. கொரோனா இரண்டாம் அலை தீவிரமாக இருப்பதால், மேலும் பல தடுப்பூசிகள் இந்தியாவில் கிடைப்பது பயனளிக்கும் என கருதப்படுகிறது. ஆகவேதான் வெளிநாட்டு தடுப்பூசிகளை இறக்குமதி செய்து பயன்படுத்த அனுமதி அளிக்கப்படுகிறது.</p>
<p>மத்திய அரசு எடுத்துள்ள முடிவின்படி, மேலைநாடுகளில் தக்க அனுமதி பெற்று உலக சுகாதார அமைப்பால் அங்கீகரிக்கப்பட்ட தடுப்பூசிகளை இந்தியாவில் இறக்குமதி செய்து பயன்படுத்தலாம். இதனால் அமெரிக்கா, ஐரோப்பா, பிரிட்டன் மற்றும் ஜப்பான் உள்ளிட்ட நாடுகளில் ஒப்புதல் பெற்றுள்ள கொரோனா தடுப்பூசிகளை இந்தியாவில் பயன்படுத்த தனியாக முழுவீச்சான சோதனை ஓட்டம்<br />தேவை இல்லை. உலக சுகாதார அமைப்பின் பட்டியல் இடம்பெற்றுள்ள இந்த தடுப்பூசிகளை உடனடியாக பயன்பாட்டுக்கு கொண்டுவரலாம்.</p>
<p>இந்த தடுப்பூசிகளுக்கு ஒப்புதல் அளிக்க புதிய விதிகள் கடைபிடிக்கப்படும் என மத்திய அரசு அறிவித்துள்ளதால் நோவாவாஸ், மாடனா, பைசர் மற்றும் ஜான்சன் &amp; ஜான்சன் ஆகிய தடுப்பூசிகளை இந்தியாவில் பயன்படுத்த ""ஹியூமன் ட்ரையல்ஸ்"" என்று அழைக்கப்படும் சோதனைகளை விரிவாக நடத்த தேவை இல்லை. பிற நாடுகளில் நடத்தப்பட்ட சோதனைகளின் அடிப்படையில் அவசரகால பயன்பாடு அனுமதி வழங்கப்படும்.</p>
<p>இத்தகைய தடுப்பூசிகளை பயன்படுத்தும் முதல் 100 பயனாளர்களுக்கு ஏதேனும் பாதிப்பு ஏற்படுகிறதா என்பது ஏழு நாட்களுக்கு கண்காணிக்கப்படும் என அரசு முடிவு செய்துள்ளது. பின்னர் இந்தியாவில் நடத்தவேண்டிய சோதனைகளை ""பிரிட்ஜ் ட்ரையல்ஸ்"" என்கிற முறையில் சுருக்கமாக நடத்த அனுமதி அளிக்கலாம் என தடுப்பூசி விவகாரங்களுக்கான வல்லுநர் குழு பரிந்துரைத்துள்ளது. <br />இந்த அடிப்படையில் இந்தியாவில் இறக்குமதி செய்யப்படும் தடுப்பூசிகளின் விலை பல ஆயிரம் ரூபாய் வரை நிர்ணயிக்கப்படலாம் எனவும், இவை முழுக்க முழுக்க தனியார் மருத்துவமனைகள் மூலம் விநியோகிக்கப்படலாம் எனவும் அதிகாரிகள் தகவல் அளித்துள்ளனர்.</p>
<p>ஏற்கெனவே 11 கோடிக்கு மேல் கோவிஷீல்டு மற்றும் கோவாக்ஸின் தடுப்பூசிகள் மாநில அரசுகளுக்கு விநியோகிக்கப்பட்டுள்ளன. இவை தொடர்ந்து இலவசமாக அல்லது குறைந்த விலையில் ஏழை மக்கள் பயன்பாட்டுக்கு கிடைக்கும் என்றும், இறக்குமதி செய்யப்படும் அதிக விலைகொண்ட தடுப்பூசிகள் மேல்தட்டு மக்களின் பயன்பாட்டுக்கு உபயோகமாக இருக்கும் என கருதப்படுகிறது.</p>
<p>கொரோனா அலை அதிகம் பாய்ந்தாலும் இன்னமும் பலர் தடுப்பூசி போட்டுக்கொள்ள தயங்குகிறார்கள். மக்கள் அதிகம் கூடும் தடுப்பூசி மையங்களை இவர்கள் தவிர்க்க நினைத்தால், தனியார் மருத்துவமனைகள் மூலம் விநியோகத்துக்கு வரக்கூடிய இறக்குமதி செய்யப்பட்ட தடுப்பூசிகளை அளிக்கும் மையங்களில் நெரிசல் இருக்காது என்பதால், இவர்கள் அந்த தடுப்பூசிகளை பயன்படுத்தலாம் என கருதப்படுகிறது.</p>
<p>ரஷ்ய தயாரிப்பான ஸ்புட்னிக்-வி தடுப்பூசியும் தற்போதய கோவிஷீல்டு மற்றும் கோவாக்சின் தடுப்பூசிகளை விட அதிக விலையில் களமிறங்கும் என எதிர்பார்க்கப்படுகிறது. டாக்டர் ரெட்டிஸ் நிறுவனம் மூலம் ஆரம்பத்தில் இறக்குமதி முறையில் இந்தியா வரும் ஸ்புட்னிக்-வி, பின்னர் சீரம் இன்ஸ்டிடியூட் ஆஃப் இந்தியா மற்றும் பிற நிறுவனங்களால் உள்நாட்டிலேயே தயாரிக்கப்பட வாய்ப்பு உள்ளதாக அதிகாரிகளுக்கு தகவல் அளிக்கப்பட்டுள்ளது.</p>
<p><strong>- கணபதி சுப்ரமணியம்</strong></p><p><a href=""http://puthiyathalaimurai.com/newsview/99096/Foreign-produced-Corona-Vaccines-in-India--Explained.html"" style=""color: #FF4422;"" target=""_blank"">Source : WWW.PUTHIYATHALAIMURAI.COM</a></p>",http://puthiyathalaimurai.com/newsview/99096/Foreign-produced-Corona-Vaccines-in-India--Explained.html,['https://ptm-cms-images.sgp1.cdn.digitaloceanspaces.com/uploads/news-image/2021/04/13/800x400/114479.webp'],2021-04-13T19:04:29+00:00
"தினசரி கொரோனா பாதிப்பு 7,000-ஐ நெருங்கியது: தமிழகத்தின் இன்றைய கொரோனா பாதிப்பு நிலவரம்","<p><img src=""https://ptm-cms-images.sgp1.cdn.digitaloceanspaces.com/uploads/news-image/2021/04/13/800x400/114474.webp"" /></p><p>தமிழகத்தில் தினசரி கொரோனா பாதிப்பு 7,000 ஐ நெருங்கியது.</p>
<p>இன்றைக்கு தமிழகத்தில் கொரோனா தொற்று பாதிப்பு குறித்து சுகாதாரத்துறை கூறியதாவது, &ldquo; தமிழகத்தில் கடந்த 24 மணி நேரத்தில் 6,984 பேருக்கு புதிதாக கொரோனா தொற்று கண்டறியப்பட்டுள்ளது.</p>
<p><img alt=""image"" src=""https://ptm-cms-images.sgp1.cdn.digitaloceanspaces.com/uploads/news-image/moreimages/1618319955228.jpeg"" width=""700"" /></p>
<p>இதில் தமிழகத்தில் 6,958 நபர்களுக்கும் வெளி நாடுகளில் இருந்து வந்த 26 பேருக்கும் கொரோனா தொற்று உறுதிசெய்யப்பட்டுள்ளது. சென்னையில் மட்டும் ஒரே நாளில் 2,482 பேருக்கு கொரோனா தொற்று உறுதியாகியுள்ளது. முன்னதாக சென்னையில் 2, 105 நபர்களுக்கு கொரோனா உறுதிசெய்யப்பட்டிருந்தது.</p>
<p>இன்று மட்டும் கொரோனா தொற்றுக்கு 18 பேர் இறந்த நிலையில் இதுவரை கொரோனாவால் உயிரிழந்தவர்களின் எண்ணிக்கை 12,945 ஆக உயர்ந்துள்ளது.</p><p><a href=""http://puthiyathalaimurai.com/newsview/99091/Corona-vulnerability-is-close-to-7-000.html"" style=""color: #FF4422;"" target=""_blank"">Source : WWW.PUTHIYATHALAIMURAI.COM</a></p>",http://puthiyathalaimurai.com/newsview/99091/Corona-vulnerability-is-close-to-7-000.html,"['https://ptm-cms-images.sgp1.cdn.digitaloceanspaces.com/uploads/news-image/2021/04/13/800x400/114474.webp', 'https://ptm-cms-images.sgp1.cdn.digitaloceanspaces.com/uploads/news-image/moreimages/1618319955228.jpeg']",2021-04-13T18:54:11+00:00
ஐபிஎல் 2021 டி20: கொல்கத்தா அணி க்கு எதிரான போட்டியில் மும்பை அணி 10 ரன்கள் வித்தியாசத்தில் வெற்றி,"<a href=""https://www.dinakaran.com/www.Dinakaran.com/latest_Detail.asp?Nid=670834""><img align=""left"" border=""0"" src=""http://img.dinakaran.com/data1/DNewsimages/Tamil_News_4_13_2021_77933902.jpg"" style=""margin: 10px 0 0 10px; padding: 4px;"" /></a><p>சென்னை: ஐபிஎல் 2021 டி20 தொடரில் மும்பை அணிக்கு எதிரான போட்டியில் டாஸ் வென்ற கொல்கத்தா அணி கேப்டன் ஈயன் மோர்கன் பந்துவீச்சை தேர்வு செய்தார். முதலில் களமிறங்கிய மும்பை அணி 20 ஓவர்கள் முடிவில் 152 ரன்களை கொல்கத்தா அணிக்கு&nbsp; வெற்றி இலக்காக நிர்ணயித்தது. அந்த அணியில் அதிரடியாக ஆடிய சூர்யகுமார் யாதவ்&nbsp; 56 ரன்களும், ரோஹித் சர்மா 43 ரன்களும் எடுத்தனர். இதனையடுத்து 153 ரன்கள் எடுத்தால் வெற்றி என்ற&nbsp; இலக்குடன் களமிறங்கிய கொல்கத்தா அணி 20 ஓவர்கள் முடிவில் 7 விக்கெட்டுகளை இழந்து 142 ரன்கள் எடுத்து தோல்வியை தழுவியது. </p>",http://www.dinakaran.com/Latest_Detail.asp?Nid=670834,['http://img.dinakaran.com/data1/DNewsimages/Tamil_News_4_13_2021_77933902.jpg'],13-4-2021 23:25
கொரோனா காலத்தில் விதிமீறுபவர்களிடம் காவல்த்துறையினர் கடுமையாக நடந்து கொள்ள வேண்டாம்: சென்னை மாநகர காவல் ஆணையர்,"<a href=""https://www.dinakaran.com/www.Dinakaran.com/latest_Detail.asp?Nid=670833""><img align=""left"" border=""0"" src=""http://img.dinakaran.com/data1/DNewsimages/Tamil_News_4_13_2021_94977969.jpg"" style=""margin: 10px 0 0 10px; padding: 4px;"" /></a><p>சென்னை: கொரோனா காலத்தில் விதிமீறுபவர்களிடம் காவல்த்துறையினர் கடுமையாக நடந்து கொள்ள வேண்டாம் என சென்னை மாநகர காவல் ஆணையர் மகேஷ்குமார் அறிவுறுத்தியுள்ளார். விதி மீறுபவர்களிடம் அபராதம் மட்டுமே விதித்து பெருந்தொற்று ஆபத்தை வலியுறுத்தி தன்மையாக நடந்து கொள்ள வேண்டும் மகேஷ்குமார் கூறியுள்ளார். </p>",http://www.dinakaran.com/Latest_Detail.asp?Nid=670833,['http://img.dinakaran.com/data1/DNewsimages/Tamil_News_4_13_2021_94977969.jpg'],13-4-2021 21:54
ஐபிஎல் 2021: கொல்கத்தா அணிக்கு 153 ரன்களை வெற்றி இலக்காக நிர்ணயித்தது மும்பை அணி..!,"<a href=""https://www.dinakaran.com/www.Dinakaran.com/latest_Detail.asp?Nid=670831""><img align=""left"" border=""0"" src=""http://img.dinakaran.com/data1/DNewsimages/Tamil_News_4_13_2021_17699832.jpg"" style=""margin: 10px 0 0 10px; padding: 4px;"" /></a><p>சென்னை: ஐபிஎல் 2021 டி20 தொடரில் கொல்கத்தா அணிக்கு 152 ரன்களை பஞ்சாப் அணி வெற்றி இலக்காக நிர்ணயித்தது. அந்த அணியில் அதிரடியாக ஆடிய சூர்யகுமார் யாதவ்&nbsp; 56 ரன்களும், ரோஹித் சர்மா 43 ரன்களும் எடுத்தனர். இதனையடுத்து 153ரன்கள் எடுத்தால் வெற்றி என்ற&nbsp; இலக்குடன் கொல்கத்தா அணி களமிறங்க உள்ளது.</p>",http://www.dinakaran.com/Latest_Detail.asp?Nid=670831,['http://img.dinakaran.com/data1/DNewsimages/Tamil_News_4_13_2021_17699832.jpg'],13-4-2021 21:28
